{
  "name": "root",
  "total": 24.709872599999997,
  "count": 1,
  "self": 19.458853599999983,
  "children": [
    {
      "name": "TrainerController.advance",
      "total": 5.251019000000014,
      "count": 584,
      "self": 0.008514800000039457,
      "children": [
        {
          "name": "env_step",
          "total": 4.952571100000004,
          "count": 584,
          "self": 3.8107958000000544,
          "children": [
            {
              "name": "SubprocessEnvManager._take_step",
              "total": 1.13511579999998,
              "count": 584,
              "self": 0.02967459999999633,
              "children": [
                {
                  "name": "PPOPolicy.evaluate",
                  "total": 1.1054411999999836,
                  "count": 879,
                  "self": 1.1054411999999836
                }
              ]
            },
            {
              "name": "workers",
              "total": 0.006659499999969398,
              "count": 583,
              "self": 0.0,
              "children": [
                {
                  "name": "worker_root",
                  "total": 21.327102800000052,
                  "count": 583,
                  "is_parallel": true,
                  "self": 18.052834900000093,
                  "children": [
                    {
                      "name": "batched_step_result_from_proto",
                      "total": 0.00130560000000024,
                      "count": 4,
                      "is_parallel": true,
                      "self": 0.00038720000000047605,
                      "children": [
                        {
                          "name": "_process_vector_observation",
                          "total": 0.0009183999999997638,
                          "count": 4,
                          "is_parallel": true,
                          "self": 0.0009183999999997638
                        }
                      ]
                    },
                    {
                      "name": "UnityEnvironment.step",
                      "total": 3.272962299999957,
                      "count": 583,
                      "is_parallel": true,
                      "self": 0.05988799999983385,
                      "children": [
                        {
                          "name": "UnityEnvironment._generate_step_input",
                          "total": 0.03042600000001272,
                          "count": 583,
                          "is_parallel": true,
                          "self": 0.03042600000001272
                        },
                        {
                          "name": "communicator.exchange",
                          "total": 3.015538100000093,
                          "count": 583,
                          "is_parallel": true,
                          "self": 3.015538100000093
                        },
                        {
                          "name": "batched_step_result_from_proto",
                          "total": 0.16711020000001753,
                          "count": 2332,
                          "is_parallel": true,
                          "self": 0.10070050000018682,
                          "children": [
                            {
                              "name": "_process_vector_observation",
                              "total": 0.0664096999998307,
                              "count": 2332,
                              "is_parallel": true,
                              "self": 0.0664096999998307
                            }
                          ]
                        }
                      ]
                    }
                  ]
                }
              ]
            }
          ]
        },
        {
          "name": "trainer_advance",
          "total": 0.2899330999999705,
          "count": 583,
          "self": 0.025309600000014143,
          "children": [
            {
              "name": "process_trajectory",
              "total": 0.2646234999999564,
              "count": 2332,
              "self": 0.2646234999999564
            }
          ]
        }
      ]
    }
  ]
}