{
  "name": "root",
  "total": 23.7681428,
  "count": 1,
  "self": 15.658194800000011,
  "children": [
    {
      "name": "TrainerController.advance",
      "total": 8.109947999999989,
      "count": 130,
      "self": 0.002075700000007785,
      "children": [
        {
          "name": "env_step",
          "total": 7.91869809999999,
          "count": 130,
          "self": 7.488026099999987,
          "children": [
            {
              "name": "SubprocessEnvManager._take_step",
              "total": 0.42903689999999095,
              "count": 130,
              "self": 0.00839340000002231,
              "children": [
                {
                  "name": "PPOPolicy.evaluate",
                  "total": 0.42064349999996864,
                  "count": 262,
                  "self": 0.42064349999996864
                }
              ]
            },
            {
              "name": "workers",
              "total": 0.0016351000000121019,
              "count": 129,
              "self": 0.0,
              "children": [
                {
                  "name": "worker_root",
                  "total": 21.102253300000008,
                  "count": 129,
                  "is_parallel": true,
                  "self": 13.815711899999986,
                  "children": [
                    {
                      "name": "batched_step_result_from_proto",
                      "total": 0.0009380000000005495,
                      "count": 4,
                      "is_parallel": true,
                      "self": 0.00016190000000015914,
                      "children": [
                        {
                          "name": "_process_vector_observation",
                          "total": 0.0007761000000003904,
                          "count": 4,
                          "is_parallel": true,
                          "self": 0.0007761000000003904
                        }
                      ]
                    },
                    {
                      "name": "UnityEnvironment.step",
                      "total": 7.285603400000021,
                      "count": 129,
                      "is_parallel": true,
                      "self": 0.018490700000032945,
                      "children": [
                        {
                          "name": "UnityEnvironment._generate_step_input",
                          "total": 0.01188100000001846,
                          "count": 129,
                          "is_parallel": true,
                          "self": 0.01188100000001846
                        },
                        {
                          "name": "communicator.exchange",
                          "total": 7.210430700000014,
                          "count": 129,
                          "is_parallel": true,
                          "self": 7.210430700000014
                        },
                        {
                          "name": "batched_step_result_from_proto",
                          "total": 0.04480099999995524,
                          "count": 516,
                          "is_parallel": true,
                          "self": 0.014608599999984762,
                          "children": [
                            {
                              "name": "_process_vector_observation",
                              "total": 0.030192399999970476,
                              "count": 516,
                              "is_parallel": true,
                              "self": 0.030192399999970476
                            }
                          ]
                        }
                      ]
                    }
                  ]
                }
              ]
            }
          ]
        },
        {
          "name": "trainer_advance",
          "total": 0.1891741999999912,
          "count": 129,
          "self": 0.006036899999967815,
          "children": [
            {
              "name": "process_trajectory",
              "total": 0.18313730000002337,
              "count": 516,
              "self": 0.18313730000002337
            }
          ]
        }
      ]
    }
  ]
}