{
  "name": "root",
  "total": 20.044041800000002,
  "count": 1,
  "self": 8.982484599999982,
  "children": [
    {
      "name": "TrainerController.advance",
      "total": 11.06155720000002,
      "count": 498,
      "self": 0.052991900000042946,
      "children": [
        {
          "name": "env_step",
          "total": 9.424512399999989,
          "count": 498,
          "self": 9.007215499999962,
          "children": [
            {
              "name": "SubprocessEnvManager._take_step",
              "total": 0.41073430000000677,
              "count": 498,
              "self": 0.41073430000000677
            },
            {
              "name": "workers",
              "total": 0.006562600000020069,
              "count": 497,
              "self": 0.0,
              "children": [
                {
                  "name": "worker_root",
                  "total": 19.061495999999977,
                  "count": 497,
                  "is_parallel": true,
                  "self": 10.383464700000003,
                  "children": [
                    {
                      "name": "batched_step_result_from_proto",
                      "total": 0.000313600000000136,
                      "count": 1,
                      "is_parallel": true,
                      "self": 0.0001572999999996938,
                      "children": [
                        {
                          "name": "_process_vector_observation",
                          "total": 0.0001563000000004422,
                          "count": 1,
                          "is_parallel": true,
                          "self": 0.0001563000000004422
                        }
                      ]
                    },
                    {
                      "name": "UnityEnvironment.step",
                      "total": 8.677717699999974,
                      "count": 497,
                      "is_parallel": true,
                      "self": 0.038026699999926805,
                      "children": [
                        {
                          "name": "UnityEnvironment._generate_step_input",
                          "total": 0.03529129999998126,
                          "count": 497,
                          "is_parallel": true,
                          "self": 0.03529129999998126
                        },
                        {
                          "name": "communicator.exchange",
                          "total": 8.493581399999984,
                          "count": 497,
                          "is_parallel": true,
                          "self": 8.493581399999984
                        },
                        {
                          "name": "batched_step_result_from_proto",
                          "total": 0.11081830000008175,
                          "count": 497,
                          "is_parallel": true,
                          "self": 0.055595600000085454,
                          "children": [
                            {
                              "name": "_process_vector_observation",
                              "total": 0.055222699999996294,
                              "count": 497,
                              "is_parallel": true,
                              "self": 0.055222699999996294
                            }
                          ]
                        }
                      ]
                    }
                  ]
                }
              ]
            }
          ]
        },
        {
          "name": "trainer_advance",
          "total": 1.584052899999989,
          "count": 497,
          "self": 0.012123100000032139,
          "children": [
            {
              "name": "process_trajectory",
              "total": 0.10091659999996949,
              "count": 497,
              "self": 0.10091659999996949
            },
            {
              "name": "_update_policy",
              "total": 1.4710131999999874,
              "count": 163,
              "self": 0.0018478999999764767,
              "children": [
                {
                  "name": "SACTrainer._update_policy",
                  "total": 1.4691653000000109,
                  "count": 163,
                  "self": 0.48786590000001695,
                  "children": [
                    {
                      "name": "SACPolicy.update",
                      "total": 0.9812993999999939,
                      "count": 163,
                      "self": 0.9812993999999939
                    }
                  ]
                }
              ]
            }
          ]
        }
      ]
    }
  ]
}