{
  "name": "root",
  "total": 18.1000867,
  "count": 1,
  "self": 18.1000867
}