{
  "name": "root",
  "total": 73.7061865,
  "count": 1,
  "self": 22.764738199999933,
  "children": [
    {
      "name": "TrainerController.advance",
      "total": 50.94144830000007,
      "count": 4169,
      "self": 0.07387039999988332,
      "children": [
        {
          "name": "env_step",
          "total": 49.50882309999999,
          "count": 4169,
          "self": 39.2614155,
          "children": [
            {
              "name": "SubprocessEnvManager._take_step",
              "total": 10.195849099999958,
              "count": 4169,
              "self": 0.3656213999998066,
              "children": [
                {
                  "name": "PPOPolicy.evaluate",
                  "total": 9.830227700000151,
                  "count": 12503,
                  "self": 9.830227700000151
                }
              ]
            },
            {
              "name": "workers",
              "total": 0.05155850000003426,
              "count": 4168,
              "self": 0.0,
              "children": [
                {
                  "name": "worker_root",
                  "total": 61.03253959999993,
                  "count": 4168,
                  "is_parallel": true,
                  "self": 34.91703909999956,
                  "children": [
                    {
                      "name": "batched_step_result_from_proto",
                      "total": 0.001150199999999657,
                      "count": 5,
                      "is_parallel": true,
                      "self": 0.00043300000000012773,
                      "children": [
                        {
                          "name": "_process_vector_observation",
                          "total": 0.0007171999999995293,
                          "count": 5,
                          "is_parallel": true,
                          "self": 0.0007171999999995293
                        }
                      ]
                    },
                    {
                      "name": "UnityEnvironment.step",
                      "total": 26.114350300000368,
                      "count": 4168,
                      "is_parallel": true,
                      "self": 0.5460070000007136,
                      "children": [
                        {
                          "name": "UnityEnvironment._generate_step_input",
                          "total": 0.3152381999998468,
                          "count": 4168,
                          "is_parallel": true,
                          "self": 0.3152381999998468
                        },
                        {
                          "name": "communicator.exchange",
                          "total": 23.32611940000001,
                          "count": 4168,
                          "is_parallel": true,
                          "self": 23.32611940000001
                        },
                        {
                          "name": "batched_step_result_from_proto",
                          "total": 1.926985699999797,
                          "count": 20830,
                          "is_parallel": true,
                          "self": 1.0855145999998292,
                          "children": [
                            {
                              "name": "_process_vector_observation",
                              "total": 0.8414710999999677,
                              "count": 20830,
                              "is_parallel": true,
                              "self": 0.8414710999999677
                            }
                          ]
                        }
                      ]
                    }
                  ]
                }
              ]
            }
          ]
        },
        {
          "name": "trainer_advance",
          "total": 1.3587548000001988,
          "count": 4168,
          "self": 0.2658164000005776,
          "children": [
            {
              "name": "process_trajectory",
              "total": 1.0929383999996212,
              "count": 20840,
              "self": 1.0929383999996212
            }
          ]
        }
      ]
    }
  ]
}