{
  "name": "root",
  "total": 8.544493800000001,
  "count": 1,
  "self": 8.544493800000001
}