{
  "name": "root",
  "total": 43.054857999999996,
  "count": 1,
  "self": 24.666236299999973,
  "children": [
    {
      "name": "TrainerController.advance",
      "total": 18.388621700000023,
      "count": 734,
      "self": 0.07252890000019718,
      "children": [
        {
          "name": "env_step",
          "total": 14.681787799999839,
          "count": 734,
          "self": 14.142643599999833,
          "children": [
            {
              "name": "SubprocessEnvManager._take_step",
              "total": 0.5302739999999702,
              "count": 734,
              "self": 0.5302739999999702
            },
            {
              "name": "workers",
              "total": 0.008870200000036021,
              "count": 733,
              "self": 0.0,
              "children": [
                {
                  "name": "worker_root",
                  "total": 42.069273799999856,
                  "count": 733,
                  "is_parallel": true,
                  "self": 28.441990799999825,
                  "children": [
                    {
                      "name": "batched_step_result_from_proto",
                      "total": 0.0005406000000007793,
                      "count": 1,
                      "is_parallel": true,
                      "self": 0.0001413999999968496,
                      "children": [
                        {
                          "name": "_process_vector_observation",
                          "total": 0.00039920000000392974,
                          "count": 2,
                          "is_parallel": true,
                          "self": 0.00039920000000392974
                        }
                      ]
                    },
                    {
                      "name": "UnityEnvironment.step",
                      "total": 13.62674240000003,
                      "count": 733,
                      "is_parallel": true,
                      "self": 0.08685329999997649,
                      "children": [
                        {
                          "name": "UnityEnvironment._generate_step_input",
                          "total": 0.0597898000000896,
                          "count": 733,
                          "is_parallel": true,
                          "self": 0.0597898000000896
                        },
                        {
                          "name": "communicator.exchange",
                          "total": 13.123278299999953,
                          "count": 733,
                          "is_parallel": true,
                          "self": 13.123278299999953
                        },
                        {
                          "name": "batched_step_result_from_proto",
                          "total": 0.3568210000000107,
                          "count": 733,
                          "is_parallel": true,
                          "self": 0.08188850000003356,
                          "children": [
                            {
                              "name": "_process_vector_observation",
                              "total": 0.27493249999997715,
                              "count": 1466,
                              "is_parallel": true,
                              "self": 0.27493249999997715
                            }
                          ]
                        }
                      ]
                    }
                  ]
                }
              ]
            }
          ]
        },
        {
          "name": "trainer_advance",
          "total": 3.634304999999987,
          "count": 733,
          "self": 0.021049600000221602,
          "children": [
            {
              "name": "process_trajectory",
              "total": 0.14197819999977668,
              "count": 733,
              "self": 0.14197819999977668
            },
            {
              "name": "_update_policy",
              "total": 3.4712771999999887,
              "count": 475,
              "self": 0.005551500000024134,
              "children": [
                {
                  "name": "SACTrainer._update_policy",
                  "total": 3.4657256999999646,
                  "count": 475,
                  "self": 1.4133010999999556,
                  "children": [
                    {
                      "name": "SACPolicy.update",
                      "total": 2.052424600000009,
                      "count": 475,
                      "self": 2.052424600000009
                    }
                  ]
                }
              ]
            }
          ]
        }
      ]
    }
  ]
}