{
  "name": "root",
  "total": 1.8927365999999997,
  "count": 1,
  "self": 1.8927365999999997
}