{
  "name": "root",
  "total": 87.3317577,
  "count": 1,
  "self": 18.52352559999973,
  "children": [
    {
      "name": "TrainerController.advance",
      "total": 68.80823210000027,
      "count": 2543,
      "self": 0.2509379000004657,
      "children": [
        {
          "name": "env_step",
          "total": 53.91657250000002,
          "count": 2543,
          "self": 52.328536699999596,
          "children": [
            {
              "name": "SubprocessEnvManager._take_step",
              "total": 1.5560321000002872,
              "count": 2543,
              "self": 1.5560321000002872
            },
            {
              "name": "workers",
              "total": 0.03200370000013919,
              "count": 2542,
              "self": 0.0,
              "children": [
                {
                  "name": "worker_root",
                  "total": 86.18020560000004,
                  "count": 2542,
                  "is_parallel": true,
                  "self": 35.43828159999965,
                  "children": [
                    {
                      "name": "batched_step_result_from_proto",
                      "total": 0.00034860000000058733,
                      "count": 1,
                      "is_parallel": true,
                      "self": 0.00013480000000143377,
                      "children": [
                        {
                          "name": "_process_vector_observation",
                          "total": 0.00021379999999915356,
                          "count": 1,
                          "is_parallel": true,
                          "self": 0.00021379999999915356
                        }
                      ]
                    },
                    {
                      "name": "UnityEnvironment.step",
                      "total": 50.741575400000386,
                      "count": 2542,
                      "is_parallel": true,
                      "self": 0.21135659999962542,
                      "children": [
                        {
                          "name": "UnityEnvironment._generate_step_input",
                          "total": 0.20272479999998794,
                          "count": 2542,
                          "is_parallel": true,
                          "self": 0.20272479999998794
                        },
                        {
                          "name": "communicator.exchange",
                          "total": 49.65854450000038,
                          "count": 2542,
                          "is_parallel": true,
                          "self": 49.65854450000038
                        },
                        {
                          "name": "batched_step_result_from_proto",
                          "total": 0.6689495000003873,
                          "count": 2542,
                          "is_parallel": true,
                          "self": 0.26199290000015907,
                          "children": [
                            {
                              "name": "_process_vector_observation",
                              "total": 0.40695660000022826,
                              "count": 2542,
                              "is_parallel": true,
                              "self": 0.40695660000022826
                            }
                          ]
                        }
                      ]
                    }
                  ]
                }
              ]
            }
          ]
        },
        {
          "name": "trainer_advance",
          "total": 14.64072169999978,
          "count": 2542,
          "self": 0.07842099999913188,
          "children": [
            {
              "name": "process_trajectory",
              "total": 0.31470080000053,
              "count": 2542,
              "self": 0.31470080000053
            },
            {
              "name": "_update_policy",
              "total": 14.247599900000118,
              "count": 2208,
              "self": 0.024228100000591724,
              "children": [
                {
                  "name": "SACTrainer._update_policy",
                  "total": 14.223371799999526,
                  "count": 2208,
                  "self": 6.753213399999076,
                  "children": [
                    {
                      "name": "SACPolicy.update",
                      "total": 7.47015840000045,
                      "count": 2208,
                      "self": 7.47015840000045
                    }
                  ]
                }
              ]
            }
          ]
        }
      ]
    }
  ]
}