{"count":1,"gauges":{},"self":3.4538911999999997,"total":3.6782793999999996,"children":{"AgentResetIfDone":{"count":103,"self":0.002002,"total":0.002002,"children":null},"AgentSendState":{"count":103,"self":0.0069654999999999995,"total":0.2163842,"children":{"CollectObservations":{"count":412,"self":0.20941869999999999,"total":0.20941869999999999,"children":null}}},"DecideAction":{"count":103,"self":0.0020003,"total":0.0020003,"children":null},"AgentAct":{"count":103,"self":0.0030004999999999997,"total":0.0030004999999999997,"children":null}}}