{"count":1,"gauges":{},"self":36.5696224,"total":37.7955605,"children":{"AgentSendState":{"count":667,"self":0.046039199999999995,"total":1.1864189,"children":{"CollectObservations":{"count":2668,"self":1.1403797,"total":1.1403797,"children":null}}},"DecideAction":{"count":667,"self":0.0090031,"total":0.0090031,"children":null},"AgentAct":{"count":667,"self":0.0295156,"total":0.0295156,"children":null}}}