{"count":1,"gauges":{},"self":10.5208528,"total":10.5690821,"children":{"AgentResetIfDone":{"count":372,"self":0.0050003,"total":0.0050003,"children":null},"AgentSendState":{"count":372,"self":0.013005599999999999,"total":0.019802399999999998,"children":{"CollectObservations":{"count":1488,"self":0.0067967999999999995,"total":0.0067967999999999995,"children":null}}},"DecideAction":{"count":372,"self":0.0104218,"total":0.0104218,"children":null},"AgentAct":{"count":372,"self":0.012005199999999999,"total":0.012005199999999999,"children":null}}}