{"count":1,"gauges":{},"self":15.985044799999999,"total":79.3707513,"children":{"AgentInfo.ToProto":{"count":16,"self":0.0020006,"total":0.0110025,"children":{"GenerateSensorData":{"count":16,"self":0.0090019,"total":0.0090019,"children":null}}},"AgentResetIfDone":{"count":5523,"self":0.0560387,"total":0.0560387,"children":null},"AgentSendState":{"count":5523,"self":0.6053497,"total":18.065157199999998,"children":{"CollectObservations":{"count":22092,"self":9.3673776,"total":9.3673773999999987,"children":null},"AgentInfo.ToProto":{"count":22092,"self":0.4262935,"total":8.0924301,"children":{"GenerateSensorData":{"count":22092,"self":7.6661367999999994,"total":7.6661366,"children":null}}}}},"DecideAction":{"count":5523,"self":45.008432,"total":45.0084327,"children":null},"AgentAct":{"count":5523,"self":0.244076,"total":0.244076,"children":null}}}