{"count":1,"gauges":{},"self":41.9210752,"total":43.9931876,"children":{"AgentResetIfDone":{"count":1857,"self":0.029006599999999997,"total":0.029006599999999997,"children":null},"AgentSendState":{"count":1857,"self":0.1627342,"total":0.2417906,"children":{"CollectObservations":{"count":11904,"self":0.0790564,"total":0.0790564,"children":null}}},"DecideAction":{"count":1857,"self":1.1476186,"total":1.6902599999999999,"children":{"RayPerceptionSensor.Perceive":{"count":23800,"self":0.54264139999999994,"total":0.54264139999999994,"children":null}}},"AgentAct":{"count":1857,"self":0.11005469999999999,"total":0.11005469999999999,"children":null}}}