{"count":1,"gauges":{},"self":6.7976535999999994,"total":15.0980596,"children":{"AgentInfo.ToProto":{"count":16,"self":0,"total":0.015004,"children":{"GenerateSensorData":{"count":16,"self":0.015004,"total":0.015004,"children":null}}},"AgentResetIfDone":{"count":131,"self":0.0019993999999999997,"total":0.0019993999999999997,"children":null},"AgentSendState":{"count":131,"self":0.0270095,"total":0.5244356,"children":{"CollectObservations":{"count":524,"self":0.28141109999999997,"total":0.28141109999999997,"children":null},"AgentInfo.ToProto":{"count":524,"self":0.0180043,"total":0.21601499999999998,"children":{"GenerateSensorData":{"count":524,"self":0.19801069999999998,"total":0.19801069999999998,"children":null}}}}},"DecideAction":{"count":131,"self":7.7509656,"total":7.7509657999999995,"children":null},"AgentAct":{"count":131,"self":0.0070008,"total":0.0070008,"children":null}}}