{"count":1,"gauges":{},"self":7.8714232,"total":9.0059249,"children":{"AgentResetIfDone":{"count":405,"self":0.0020146,"total":0.0020146,"children":null},"AgentSendState":{"count":405,"self":0.022999199999999997,"total":0.6414693,"children":{"CollectObservations":{"count":1620,"self":0.6184701,"total":0.6184701,"children":null}}},"DecideAction":{"count":405,"self":0.47802069999999997,"total":0.47802069999999997,"children":null},"AgentAct":{"count":405,"self":0.0119966,"total":0.0119966,"children":null}}}