{"count":1,"gauges":{},"self":34.365184,"total":34.9865762,"children":{"AgentResetIfDone":{"count":1805,"self":0.0229932,"total":0.0229932,"children":null},"AgentSendState":{"count":1805,"self":0.0967299,"total":0.5315875,"children":{"CollectObservations":{"count":7220,"self":0.43485759999999996,"total":0.43485759999999996,"children":null}}},"DecideAction":{"count":1805,"self":0.0260033,"total":0.0260033,"children":null},"AgentAct":{"count":1805,"self":0.0398085,"total":0.0398085,"children":null}}}