{"count":1,"gauges":{},"self":10.7380936,"total":30.693429899999998,"children":{"AgentResetIfDone":{"count":6567,"self":0.0742383,"total":0.0742383,"children":null},"AgentSendState":{"count":6567,"self":0.24493969999999998,"total":2.5391562999999997,"children":{"CollectObservations":{"count":6568,"self":1.9595803999999999,"total":1.9595805,"children":null},"AgentInfo.ToProto":{"count":6568,"self":0.12305369999999999,"total":0.3346361,"children":{"GenerateSensorData":{"count":6568,"self":0.2115824,"total":0.2115824,"children":null}}}}},"DecideAction":{"count":6567,"self":17.2309232,"total":17.2309225,"children":null},"AgentAct":{"count":6567,"self":0.1100182,"total":0.1100182,"children":null}}}