{"count":1,"gauges":{},"self":19.1434176,"total":19.253609,"children":{"AgentResetIfDone":{"count":933,"self":0.0158051,"total":0.0158051,"children":null},"AgentSendState":{"count":933,"self":0.043391599999999995,"total":0.0654013,"children":{"CollectObservations":{"count":3732,"self":0.0220097,"total":0.0220097,"children":null}}},"DecideAction":{"count":933,"self":0.0070038999999999995,"total":0.0070038999999999995,"children":null},"AgentAct":{"count":933,"self":0.0209806,"total":0.0209806,"children":null}}}