{"count":1,"gauges":{},"self":17.6808144,"total":17.810867299999998,"children":{"AgentResetIfDone":{"count":852,"self":0.017299699999999998,"total":0.017299699999999998,"children":null},"AgentSendState":{"count":852,"self":0.0492187,"total":0.077233799999999991,"children":{"CollectObservations":{"count":3408,"self":0.028015099999999998,"total":0.028015099999999998,"children":null}}},"DecideAction":{"count":852,"self":0.0124975,"total":0.0124975,"children":null},"AgentAct":{"count":852,"self":0.0220219,"total":0.0220219,"children":null}}}