{"count":1,"gauges":{},"self":7083.2398336,"total":58046.0115064,"children":{"AgentResetIfDone":{"count":8163181,"self":94.0869056,"total":94.0869087,"children":null},"AgentSendState":{"count":8163181,"self":707.3398784,"total":16559.5084583,"children":{"CollectObservations":{"count":32652724,"self":15852.168806399999,"total":15852.1685984,"children":null}}},"DecideAction":{"count":8163181,"self":33976.0349184,"total":33976.03583,"children":null},"AgentAct":{"count":8163181,"self":333.13861119999996,"total":333.13862389999997,"children":null}}}