{"count":1,"gauges":{},"self":23.9538992,"total":24.649128599999997,"children":{"AgentResetIfDone":{"count":1190,"self":0.0216769,"total":0.0216769,"children":null},"AgentSendState":{"count":1190,"self":0.0310084,"total":0.6192843,"children":{"CollectObservations":{"count":1192,"self":0.5882759,"total":0.5882759,"children":null}}},"DecideAction":{"count":1190,"self":0.0124288,"total":0.0124288,"children":null},"AgentAct":{"count":1190,"self":0.040839799999999996,"total":0.040839799999999996,"children":null}}}