{"count":1,"gauges":{},"self":31.9204512,"total":36.4490129,"children":{"AgentResetIfDone":{"count":1416,"self":0.031011399999999998,"total":0.031011399999999998,"children":null},"AgentSendState":{"count":1416,"self":0.092516599999999991,"total":2.9278166,"children":{"CollectObservations":{"count":5664,"self":2.8352999999999997,"total":2.8352999999999997,"children":null}}},"DecideAction":{"count":1416,"self":0.0370078,"total":0.0370078,"children":null},"AgentAct":{"count":1416,"self":1.5317245,"total":1.5317245,"children":null}}}