{"count":1,"gauges":{},"self":5.3636436,"total":5.4915088,"children":{"AgentResetIfDone":{"count":248,"self":0.0060009,"total":0.0060009,"children":null},"AgentSendState":{"count":248,"self":0.10785739999999999,"total":0.1108586,"children":{"CollectObservations":{"count":248,"self":0.0030012,"total":0.0030012,"children":null}}},"DecideAction":{"count":248,"self":0.0020017999999999998,"total":0.0020017999999999998,"children":null},"AgentAct":{"count":248,"self":0.0080039,"total":0.0080039,"children":null}}}