{"count":1,"gauges":{},"self":6.80208,"total":6.9870879,"children":{"AgentResetIfDone":{"count":319,"self":0.0050013,"total":0.0050013,"children":null},"AgentSendState":{"count":319,"self":0.011002099999999999,"total":0.1620326,"children":{"CollectObservations":{"count":320,"self":0.15103049999999998,"total":0.15103049999999998,"children":null}}},"DecideAction":{"count":319,"self":0.0040005,"total":0.0040005,"children":null},"AgentAct":{"count":319,"self":0.012973199999999999,"total":0.012973199999999999,"children":null}}}