{"count":1,"gauges":{},"self":44.6288128,"total":656.71913339999992,"children":{"AgentInfo.ToProto":{"count":48,"self":0.0020001,"total":0.016997699999999998,"children":{"GenerateSensorData":{"count":48,"self":0.0149976,"total":0.0149976,"children":null}}},"AgentResetIfDone":{"count":64834,"self":0.84513739999999993,"total":0.84513739999999993,"children":null},"AgentSendState":{"count":64834,"self":8.2257272,"total":177.4424398,"children":{"CollectObservations":{"count":259336,"self":129.645632,"total":129.6456328,"children":null},"AgentInfo.ToProto":{"count":259336,"self":4.7540455999999995,"total":39.571079999999995,"children":{"GenerateSensorData":{"count":259336,"self":34.817033599999995,"total":34.8170345,"children":null}}}}},"DecideAction":{"count":64834,"self":431.88828159999997,"total":431.88828759999996,"children":null},"AgentAct":{"count":64834,"self":1.8964564,"total":1.8964565,"children":null}}}