{"count":1,"gauges":{},"self":4.115196,"total":4.1362014999999994,"children":{"AgentResetIfDone":{"count":183,"self":0.0020009999999999997,"total":0.0020009999999999997,"children":null},"AgentSendState":{"count":183,"self":0.0070018,"total":0.0100032,"children":{"CollectObservations":{"count":732,"self":0.0030014,"total":0.0030014,"children":null}}},"DecideAction":{"count":183,"self":0.004001,"total":0.004001,"children":null},"AgentAct":{"count":183,"self":0.0040002,"total":0.0040002,"children":null}}}