{"count":1,"gauges":{},"self":11.2198928,"total":12.9177698,"children":{"AgentResetIfDone":{"count":595,"self":0.004997,"total":0.004997,"children":null},"AgentSendState":{"count":595,"self":0.0319239,"total":0.98087569999999991,"children":{"CollectObservations":{"count":2380,"self":0.9489518,"total":0.9489518,"children":null}}},"DecideAction":{"count":595,"self":0.0069984999999999995,"total":0.0069984999999999995,"children":null},"AgentAct":{"count":595,"self":0.7040057,"total":0.7040057,"children":null}}}