{"count":1,"gauges":{},"self":2.6802859999999997,"total":2.6842861,"children":{"AgentSendState":{"count":48,"self":0.00099969999999999985,"total":0.00099969999999999985,"children":null},"DecideAction":{"count":48,"self":0,"total":0,"children":null},"AgentAct":{"count":48,"self":0.0010002,"total":0.0010002,"children":null}}}