{"count":1,"gauges":{},"self":29.765030399999997,"total":30.6538431,"children":{"AgentResetIfDone":{"count":1508,"self":0.0274914,"total":0.0274914,"children":null},"AgentSendState":{"count":1508,"self":0.0415908,"total":0.8017573,"children":{"CollectObservations":{"count":1507,"self":0.7601665,"total":0.7601665,"children":null}}},"DecideAction":{"count":1508,"self":0.0170014,"total":0.0170014,"children":null},"AgentAct":{"count":1508,"self":0.0415619,"total":0.0415619,"children":null}}}