{"count":1,"gauges":{},"self":10.4678512,"total":10.8600122,"children":{"AgentResetIfDone":{"count":504,"self":0.0045726,"total":0.0045726,"children":null},"AgentSendState":{"count":504,"self":0.0130019,"total":0.37133859999999996,"children":{"CollectObservations":{"count":504,"self":0.3583367,"total":0.3583367,"children":null}}},"DecideAction":{"count":504,"self":0.0052483999999999994,"total":0.0052483999999999994,"children":null},"AgentAct":{"count":504,"self":0.0100013,"total":0.0100013,"children":null}}}