{"count":1,"gauges":{},"self":31.9150656,"total":33.872614399999996,"children":{"AgentResetIfDone":{"count":994,"self":0.0180034,"total":0.0180034,"children":null},"AgentSendState":{"count":994,"self":0.0488512,"total":1.8955323,"children":{"CollectObservations":{"count":3976,"self":1.8466812,"total":1.8466810999999999,"children":null}}},"DecideAction":{"count":994,"self":0.008003699999999999,"total":0.008003699999999999,"children":null},"AgentAct":{"count":994,"self":0.0350071,"total":0.0350071,"children":null}}}