{"count":1,"gauges":{},"self":2.5788279999999997,"total":18.3612905,"children":{"AgentResetIfDone":{"count":402,"self":0.0060009999999999994,"total":0.0060009999999999994,"children":null},"AgentSendState":{"count":402,"self":0.0400033,"total":15.7464552,"children":{"CollectObservations":{"count":1608,"self":15.7064512,"total":15.7064519,"children":null}}},"DecideAction":{"count":402,"self":0.019004,"total":0.019004,"children":null},"AgentAct":{"count":402,"self":0.0100026,"total":0.0100026,"children":null}}}