{"count":1,"gauges":{},"self":35.5722336,"total":36.6386116,"children":{"AgentResetIfDone":{"count":1807,"self":0.0310376,"total":0.0310376,"children":null},"AgentSendState":{"count":1807,"self":0.0790231,"total":0.97731099999999993,"children":{"CollectObservations":{"count":7228,"self":0.89828789999999992,"total":0.89828789999999992,"children":null}}},"DecideAction":{"count":1807,"self":0.0230107,"total":0.0230107,"children":null},"AgentAct":{"count":1807,"self":0.0340179,"total":0.0340179,"children":null}}}