{"count":1,"gauges":{},"self":50.5937248,"total":50.8038635,"children":{"AgentResetIfDone":{"count":1520,"self":0.0345851,"total":0.0345851,"children":null},"AgentSendState":{"count":1520,"self":0.0679211,"total":0.11112319999999999,"children":{"CollectObservations":{"count":6080,"self":0.0432021,"total":0.0432021,"children":null}}},"DecideAction":{"count":1520,"self":0.023416299999999998,"total":0.023416299999999998,"children":null},"AgentAct":{"count":1520,"self":0.0390132,"total":0.0390132,"children":null}}}