{"count":1,"gauges":{},"self":2.1143498,"total":14.9637003,"children":{"AgentInfo.ToProto":{"count":16,"self":0,"total":0.013002099999999999,"children":{"GenerateSensorData":{"count":16,"self":0.013002099999999999,"total":0.013002099999999999,"children":null}}},"AgentResetIfDone":{"count":1184,"self":0.021002,"total":0.021002,"children":null},"AgentSendState":{"count":1184,"self":0.0498672,"total":0.57726729999999993,"children":{"CollectObservations":{"count":1184,"self":0.4853632,"total":0.4853632,"children":null},"AgentInfo.ToProto":{"count":1184,"self":0.014010199999999999,"total":0.042036899999999995,"children":{"GenerateSensorData":{"count":1184,"self":0.028026699999999998,"total":0.028026699999999998,"children":null}}}}},"DecideAction":{"count":1184,"self":12.204072,"total":12.204071599999999,"children":null},"AgentAct":{"count":1184,"self":0.033007299999999996,"total":0.033007299999999996,"children":null}}}