{"count":1,"gauges":{},"self":74.4599424,"total":74.7343733,"children":{"AgentResetIfDone":{"count":3822,"self":0.0685127,"total":0.0685127,"children":null},"AgentSendState":{"count":3822,"self":0.0670403,"total":0.0940647,"children":{"CollectObservations":{"count":3822,"self":0.0270244,"total":0.0270244,"children":null}}},"DecideAction":{"count":3822,"self":0.0457836,"total":0.0457836,"children":null},"AgentAct":{"count":3822,"self":0.065069099999999991,"total":0.065069099999999991,"children":null}}}