{"count":1,"gauges":{},"self":8.5036392,"total":15.429053099999999,"children":{"AgentInfo.ToProto":{"count":1,"self":0.001001,"total":0.0040014,"children":{"GenerateSensorData":{"count":1,"self":0.0030004,"total":0.0030004,"children":null}}},"AgentResetIfDone":{"count":1465,"self":0.0145315,"total":0.0145315,"children":null},"AgentSendState":{"count":1465,"self":0.0463523,"total":1.1757355,"children":{"CollectObservations":{"count":1465,"self":0.4761238,"total":0.4761238,"children":null},"AgentInfo.ToProto":{"count":1465,"self":0.0376137,"total":0.65325939999999993,"children":{"GenerateSensorData":{"count":1465,"self":0.6156457,"total":0.6156457,"children":null}}}}},"DecideAction":{"count":1465,"self":5.7101352,"total":5.7101351,"children":null},"AgentAct":{"count":1465,"self":0.021010499999999998,"total":0.021010499999999998,"children":null}}}