{"count":1,"gauges":{},"self":629.0835968,"total":1741.8229196,"children":{"AgentResetIfDone":{"count":729934,"self":8.3595936,"total":8.359593499999999,"children":null},"AgentSendState":{"count":729934,"self":27.339923199999998,"total":389.6775862,"children":{"CollectObservations":{"count":729934,"self":333.86306559999997,"total":333.8630746,"children":null},"AgentInfo.ToProto":{"count":729934,"self":12.1815824,"total":28.4745895,"children":{"GenerateSensorData":{"count":729934,"self":16.293008,"total":16.2930074,"children":null}}}}},"DecideAction":{"count":729934,"self":696.57640959999992,"total":696.5764328,"children":null},"AgentAct":{"count":729934,"self":18.1107296,"total":18.110730399999998,"children":null},"AgentInfo.ToProto":{"count":388,"self":0.0080024,"total":0.0140045,"children":{"GenerateSensorData":{"count":388,"self":0.0060021,"total":0.0060021,"children":null}}}}}