{"count":1,"gauges":{},"self":56.476064,"total":177.04618549999998,"children":{"AgentResetIfDone":{"count":44017,"self":0.5617875,"total":0.5617875,"children":null},"AgentSendState":{"count":44017,"self":1.5301942,"total":13.736174499999999,"children":{"CollectObservations":{"count":44020,"self":10.181739199999999,"total":10.181739199999999,"children":null},"AgentInfo.ToProto":{"count":44020,"self":0.6965998,"total":2.0242411,"children":{"GenerateSensorData":{"count":44020,"self":1.3276413,"total":1.3276413,"children":null}}}}},"DecideAction":{"count":44017,"self":105.33092479999999,"total":105.3309237,"children":null},"AgentAct":{"count":44017,"self":0.9392343,"total":0.9392343,"children":null},"AgentInfo.ToProto":{"count":20,"self":0,"total":0.0010008,"children":{"GenerateSensorData":{"count":20,"self":0.0010008,"total":0.0010008,"children":null}}}}}