{"count":1,"gauges":{},"self":44.364470399999995,"total":489.4419622,"children":{"AgentInfo.ToProto":{"count":48,"self":0.0040022999999999994,"total":0.0160044,"children":{"GenerateSensorData":{"count":48,"self":0.0120021,"total":0.0120021,"children":null}}},"AgentResetIfDone":{"count":66501,"self":0.75198349999999992,"total":0.75198349999999992,"children":null},"AgentSendState":{"count":66501,"self":8.3113152,"total":148.9456435,"children":{"CollectObservations":{"count":266004,"self":127.04529919999999,"total":127.0452974,"children":null},"AgentInfo.ToProto":{"count":266004,"self":4.5967768,"total":13.5890311,"children":{"GenerateSensorData":{"count":266004,"self":8.9922544,"total":8.9922544,"children":null}}}}},"DecideAction":{"count":66501,"self":293.4029824,"total":293.4029853,"children":null},"AgentAct":{"count":66501,"self":1.9598742,"total":1.9598742,"children":null}}}