{"count":1,"gauges":{},"self":13.9936656,"total":14.041158399999999,"children":{"AgentResetIfDone":{"count":622,"self":0.016006299999999998,"total":0.016006299999999998,"children":null},"AgentSendState":{"count":622,"self":0.0100027,"total":0.0154814,"children":{"CollectObservations":{"count":622,"self":0.0054786999999999995,"total":0.0054786999999999995,"children":null}}},"DecideAction":{"count":622,"self":0.0060033,"total":0.0060033,"children":null},"AgentAct":{"count":622,"self":0.0090014,"total":0.0090014,"children":null}}}