{"count":1,"gauges":{},"self":5.6922396,"total":8.2483231,"children":{"AgentResetIfDone":{"count":378,"self":0.0080036,"total":0.0080036,"children":null},"AgentSendState":{"count":378,"self":0.0129921,"total":2.5320776,"children":{"CollectObservations":{"count":378,"self":2.5190856,"total":2.5190855,"children":null}}},"DecideAction":{"count":378,"self":0.0060009,"total":0.0060009,"children":null},"AgentAct":{"count":378,"self":0.0090011999999999991,"total":0.0090011999999999991,"children":null}}}