{"count":1,"gauges":{},"self":19.7010176,"total":19.840969899999997,"children":{"AgentSendState":{"count":960,"self":0.056946199999999995,"total":0.1219647,"children":{"CollectObservations":{"count":768,"self":0.0060011,"total":0.0060011,"children":null},"CollectDiscreteActionMasks":{"count":768,"self":0.0040006999999999994,"total":0.0040006999999999994,"children":null},"RayPerceptionSensor.Perceive":{"count":768,"self":0.055016699999999995,"total":0.055016699999999995,"children":null}}},"DecideAction":{"count":960,"self":0.0060008,"total":0.0060008,"children":null},"AgentAct":{"count":960,"self":0.010986899999999999,"total":0.010986899999999999,"children":null}}}