{"count":1,"gauges":{},"self":29.2762304,"total":29.477500499999998,"children":{"AgentSendState":{"count":1437,"self":0.0721527,"total":0.1708876,"children":{"CollectObservations":{"count":1152,"self":0.0050079,"total":0.0050079,"children":null},"CollectDiscreteActionMasks":{"count":1152,"self":0.0079227999999999989,"total":0.0079227999999999989,"children":null},"RayPerceptionSensor.Perceive":{"count":1152,"self":0.0858042,"total":0.0858042,"children":null}}},"DecideAction":{"count":1437,"self":0.0113671,"total":0.0113671,"children":null},"AgentAct":{"count":1437,"self":0.018014699999999998,"total":0.018014699999999998,"children":null}}}