{"count":1,"gauges":{},"self":31.4772352,"total":33.3373444,"children":{"AgentSendState":{"count":1639,"self":0.0777585,"total":1.8270997999999998,"children":{"CollectObservations":{"count":1312,"self":0.0090003,"total":0.0090003,"children":null},"CollectDiscreteActionMasks":{"count":1312,"self":0.0059992,"total":0.0059992,"children":null},"CameraSensor.GetCompressedObservation":{"count":1312,"self":1.7343418,"total":1.7343418,"children":null}}},"DecideAction":{"count":1639,"self":0.008000199999999999,"total":0.008000199999999999,"children":null},"AgentAct":{"count":1639,"self":0.0240108,"total":0.0240108,"children":null}}}