{"count":1,"gauges":{},"self":27.979830399999997,"total":31.0119409,"children":{"AgentSendState":{"count":1402,"self":0.1230535,"total":3.0011039999999998,"children":{"CollectObservations":{"count":1405,"self":0.0070015,"total":0.0070015,"children":null},"CollectDiscreteActionMasks":{"count":1405,"self":0.0039995,"total":0.0039995,"children":null},"CameraSensor.GetCompressedObservation":{"count":1405,"self":2.0670512,"total":2.0670512,"children":null},"RayPerceptionSensor.Perceive":{"count":1405,"self":0.79999829999999994,"total":0.79999829999999994,"children":null}}},"DecideAction":{"count":1402,"self":0.008001,"total":0.008001,"children":null},"AgentAct":{"count":1402,"self":0.023007,"total":0.023007,"children":null}}}