{"count":1,"gauges":{"TopDownAgent.CumulativeReward":{"count":4,"max":1,"min":-1,"value":-1,"weightedAverage":0.21875}},"self":8.2573624,"total":8.6932796,"children":{"AgentSendState":{"count":412,"self":0.0191122,"total":0.406925,"children":{"CollectObservations":{"count":332,"self":0.0030009999999999998,"total":0.0030009999999999998,"children":null},"CollectDiscreteActionMasks":{"count":332,"self":0.0010000999999999999,"total":0.0010000999999999999,"children":null},"CameraSensor.GetCompressedObservation":{"count":332,"self":0.3838117,"total":0.3838117,"children":null}}},"DecideAction":{"count":412,"self":0.0090031,"total":0.0090031,"children":null},"AgentAct":{"count":412,"self":0.0079864999999999988,"total":0.0079864999999999988,"children":null},"CameraSensor.GetCompressedObservation":{"count":8,"self":0.011002699999999999,"total":0.011002699999999999,"children":null}}}