{"count":1,"gauges":{"TopDownAgent.CumulativeReward":{"count":1008,"max":1,"min":-1,"value":-1,"weightedAverage":-0.05995845}},"self":326.226432,"total":2957.1080626,"children":{"AgentSendState":{"count":475751,"self":22.4987984,"total":1106.2849959,"children":{"CollectObservations":{"count":380604,"self":2.7493119999999998,"total":2.7493119,"children":null},"CollectDiscreteActionMasks":{"count":380604,"self":2.4188563999999997,"total":2.4188563999999997,"children":null},"AgentInfo.ToProto":{"count":380604,"self":7.1512888,"total":1078.6180286,"children":{"GenerateSensorData":{"count":380604,"self":15.3273552,"total":1071.4667399,"children":{"CameraSensor.GetCompressedObservation":{"count":380604,"self":1056.1393664,"total":1056.1393847,"children":null}}}}}}},"DecideAction":{"count":475751,"self":1516.5730816,"total":1516.5730569,"children":null},"AgentAct":{"count":475751,"self":4.6393556,"total":4.6393556999999994,"children":null},"AgentInfo.ToProto":{"count":1112,"self":0.0207005,"total":3.3832233,"children":{"GenerateSensorData":{"count":1112,"self":0.0485274,"total":3.3625228,"children":{"CameraSensor.GetCompressedObservation":{"count":1112,"self":3.3139954,"total":3.3139954,"children":null}}}}}}}