{"count":1,"gauges":{"TopDownAgent.CumulativeReward":{"count":20,"max":1,"min":-1,"value":1,"weightedAverage":0.0600739419}},"self":12.1729456,"total":157.410058,"children":{"AgentSendState":{"count":18584,"self":1.4688211,"total":35.828212199999996,"children":{"CollectObservations":{"count":29852,"self":0.2318062,"total":0.2318062,"children":null},"CollectDiscreteActionMasks":{"count":29852,"self":0.20465529999999998,"total":0.20465529999999998,"children":null},"AgentInfo.ToProto":{"count":29852,"self":0.5267468,"total":33.922929599999996,"children":{"GenerateSensorData":{"count":29852,"self":1.0997039,"total":33.3961828,"children":{"CameraSensor.GetCompressedObservation":{"count":29852,"self":32.296479999999995,"total":32.2964789,"children":null}}}}}}},"DecideAction":{"count":18584,"self":109.14092799999999,"total":109.14092799999999,"children":null},"AgentAct":{"count":18584,"self":0.24296469999999998,"total":0.24296469999999998,"children":null},"AgentInfo.ToProto":{"count":20,"self":0.0010002,"total":0.0250072,"children":{"GenerateSensorData":{"count":20,"self":0.0019996,"total":0.024007,"children":{"CameraSensor.GetCompressedObservation":{"count":20,"self":0.0220074,"total":0.0220074,"children":null}}}}}}}