{"count":1,"gauges":{"TopDownAgent.CumulativeReward":{"count":2424,"max":1,"min":-1,"value":1,"weightedAverage":0.129952788}},"self":637.077504,"total":6448.4569683,"children":{"AgentSendState":{"count":1246084,"self":60.080057599999996,"total":1900.8826212,"children":{"CollectObservations":{"count":996868,"self":8.368284,"total":8.3682837,"children":null},"CollectDiscreteActionMasks":{"count":996868,"self":7.2779783999999994,"total":7.2779783,"children":null},"AgentInfo.ToProto":{"count":996868,"self":19.619823999999998,"total":1825.156301,"children":{"GenerateSensorData":{"count":996868,"self":39.0311264,"total":1805.5364766,"children":{"CameraSensor.GetCompressedObservation":{"count":996868,"self":1766.5052672,"total":1766.5053497,"children":null}}}}}}},"DecideAction":{"count":1246084,"self":3891.0681087999997,"total":3891.0679883999996,"children":null},"AgentAct":{"count":1246084,"self":14.043304,"total":14.043304099999999,"children":null},"AgentInfo.ToProto":{"count":2668,"self":0.062045899999999994,"total":5.3845554999999994,"children":{"GenerateSensorData":{"count":2668,"self":0.1011262,"total":5.3225096,"children":{"CameraSensor.GetCompressedObservation":{"count":2668,"self":5.2213832,"total":5.2213834,"children":null}}}}}}}