{"count":1,"gauges":{},"self":11.7437968,"total":12.9147809,"children":{"AgentSendState":{"count":616,"self":0.0642359,"total":1.1589810999999999,"children":{"CollectObservations":{"count":496,"self":0.006003,"total":0.006003,"children":null},"CollectDiscreteActionMasks":{"count":496,"self":0.0020009999999999997,"total":0.0020009999999999997,"children":null},"CameraSensor.GetCompressedObservation":{"count":496,"self":0.7462867,"total":0.7462867,"children":null},"RayPerceptionSensor.Perceive":{"count":496,"self":0.3404545,"total":0.3404545,"children":null}}},"DecideAction":{"count":616,"self":0.0040013,"total":0.0040013,"children":null},"AgentAct":{"count":616,"self":0.0070014,"total":0.0070014,"children":null}}}