{"count":1,"gauges":{"TopDownAgent.CumulativeReward":{"count":27520,"max":1,"min":-1,"value":1,"weightedAverage":0.139762729}},"self":5428.703232,"total":44824.667964399996,"children":{"AgentSendState":{"count":7751418,"self":1153.413632,"total":5370.3291601,"children":{"CollectObservations":{"count":31005672,"self":212.9309568,"total":212.9309628,"children":null},"CollectDiscreteActionMasks":{"count":31005672,"self":209.63351039999998,"total":209.6335083,"children":null},"AgentInfo.ToProto":{"count":31005672,"self":507.55522559999997,"total":3794.3510985,"children":{"GenerateSensorData":{"count":31005672,"self":1342.1258751999999,"total":3286.7958785,"children":{"RayPerceptionSensor.Perceive":{"count":31005672,"self":1944.6700031999999,"total":1944.6700309999999,"children":null}}}}}}},"DecideAction":{"count":7751418,"self":33962.06592,"total":33962.0645855,"children":null},"AgentAct":{"count":7751418,"self":59.5335232,"total":59.533524099999994,"children":null},"AgentInfo.ToProto":{"count":30272,"self":0.668801,"total":4.0366564,"children":{"GenerateSensorData":{"count":30272,"self":1.3997979,"total":3.3678554,"children":{"RayPerceptionSensor.Perceive":{"count":30272,"self":1.9680575999999999,"total":1.9680575,"children":null}}}}}}}