{"count":1,"gauges":{},"self":2.6081144,"total":19.2436406,"children":{"AgentSendState":{"count":2917,"self":0.44505219999999995,"total":2.1238657,"children":{"CollectObservations":{"count":11668,"self":0.0940323,"total":0.0940323,"children":null},"CollectDiscreteActionMasks":{"count":11668,"self":0.084040099999999993,"total":0.084040099999999993,"children":null},"AgentInfo.ToProto":{"count":11668,"self":0.19907529999999998,"total":1.5007411,"children":{"GenerateSensorData":{"count":11668,"self":0.5362158,"total":1.3016657999999999,"children":{"RayPerceptionSensor.Perceive":{"count":11668,"self":0.76545,"total":0.76545,"children":null}}}}}}},"DecideAction":{"count":2917,"self":14.489611199999999,"total":14.4896107,"children":null},"AgentAct":{"count":2917,"self":0.0210498,"total":0.0210498,"children":null}}}