{"count":1,"gauges":{},"self":3.4537668,"total":28.643361,"children":{"AgentSendState":{"count":667,"self":0.019999899999999998,"total":0.20696219999999999,"children":{"CollectObservations":{"count":134,"self":0.0009996,"total":0.0009996,"children":null},"CollectDiscreteActionMasks":{"count":134,"self":0.001999,"total":0.001999,"children":null},"AgentInfo.ToProto":{"count":134,"self":0.0049992,"total":0.18396369999999998,"children":{"GenerateSensorData":{"count":134,"self":0.010000499999999999,"total":0.1789645,"children":{"CameraSensor.GetCompressedObservation":{"count":134,"self":0.168964,"total":0.168964,"children":null}}}}}}},"DecideAction":{"count":667,"self":24.974664,"total":24.974664,"children":null},"AgentAct":{"count":667,"self":0.0069676999999999994,"total":0.0069676999999999994,"children":null}}}