{"count":1,"gauges":{},"self":14.2518096,"total":14.738876399999999,"children":{"AgentSendState":{"count":706,"self":0.020293199999999997,"total":0.47505949999999997,"children":{"CollectObservations":{"count":284,"self":0.0009993,"total":0.0009993,"children":null},"CollectDiscreteActionMasks":{"count":284,"self":0.0020012,"total":0.0020012,"children":null},"CameraSensor.GetCompressedObservation":{"count":284,"self":0.4517658,"total":0.4517658,"children":null}}},"DecideAction":{"count":706,"self":0.0050015,"total":0.0050015,"children":null},"AgentAct":{"count":706,"self":0.0060054999999999996,"total":0.0060054999999999996,"children":null}}}