{"count":1,"self":15610.932428799999,"total":33748.3238677,"children":{"AgentInfo.ToProto":{"count":1286,"self":0.027998199999999997,"total":0.48608999999999997,"children":{"GenerateSensorData":{"count":1286,"self":0.36708559999999996,"total":0.4580918,"children":{"RayPerceptionSensor.Perceive":{"count":1286,"self":0.0910062,"total":0.0910062,"children":null}}}}},"RayPerceptionSensor.Perceive":{"count":1285,"self":0.091013799999999992,"total":0.091013799999999992,"children":null},"AgentSendState":{"count":3145714,"self":3307.7956608,"total":3577.4318974,"children":{"CollectObservations":{"count":629144,"self":29.4040416,"total":29.404041699999997,"children":null},"CollectDiscreteActionMasks":{"count":629144,"self":3.0746599999999997,"total":3.0746601,"children":null},"AgentInfo.ToProto":{"count":629144,"self":10.7521648,"total":237.15763529999998,"children":{"GenerateSensorData":{"count":629144,"self":181.94992639999998,"total":226.4054701,"children":{"RayPerceptionSensor.Perceive":{"count":629144,"self":44.455548799999995,"total":44.455548199999996,"children":null}}}}}}},"DecideAction":{"count":3145714,"self":14531.7380096,"total":14531.7379807,"children":null},"AgentAct":{"count":3145714,"self":27.6428288,"total":27.642827699999998,"children":null}},"gauges":{"LevelKoala.CumulativeReward":{"count":2568,"max":0.9946,"min":-1,"runningAverage":-0.0612412952,"value":0,"weightedAverage":-0.06707262}},"metadata":{"timer_format_version":"0.1.0","start_time_seconds":"1588807723","unity_version":"2019.3.10f1","command_line_arguments":"C:\\Program Files\\Unity\\Hub\\Editor\\2019.3.10f1\\Editor\\Unity.exe -projectpath C:\/Users\/conor\/Documents\/GitHub\/top-down-shooter -useHub -hubIPC -cloudEnvironment production -hubSessionId 78fa27f0-8fee-11ea-8e78-9792738d8bdb","communication_protocol_version":"0.17.0","com.unity.ml-agents_version":"1.0.0-preview","scene_name":"MultipleBattleEnvironment","end_time_seconds":"1588841471"}}