{"count":1,"gauges":{},"self":2.7887944,"total":247.6860145,"children":{"AgentSendState":{"count":2417,"self":0.3160918,"total":5.0034556,"children":{"CollectObservations":{"count":7744,"self":0.047007,"total":0.047007,"children":null},"CollectDiscreteActionMasks":{"count":7744,"self":0.059827899999999996,"total":0.059827899999999996,"children":null},"AgentInfo.ToProto":{"count":7744,"self":0.1200224,"total":4.5805289,"children":{"GenerateSensorData":{"count":7744,"self":0.6571389,"total":4.4605065,"children":{"RayPerceptionSensor.Perceive":{"count":7744,"self":3.8033675999999996,"total":3.8033675999999996,"children":null}}}}}}},"DecideAction":{"count":2417,"self":239.8607616,"total":239.8607516,"children":null},"AgentAct":{"count":2417,"self":0.0320128,"total":0.0320128,"children":null}}}