{"count":1,"gauges":{},"self":3.6558539999999997,"total":148.01407279999998,"children":{"AgentSendState":{"count":1917,"self":0.3060729,"total":15.082792,"children":{"CollectObservations":{"count":6144,"self":0.036008,"total":0.036008,"children":null},"CollectDiscreteActionMasks":{"count":6144,"self":0.052013,"total":0.052013,"children":null},"AgentInfo.ToProto":{"count":6144,"self":0.1000281,"total":14.6886981,"children":{"GenerateSensorData":{"count":6144,"self":0.7517318,"total":14.588669999999999,"children":{"CameraSensor.GetCompressedObservation":{"count":6144,"self":10.9897048,"total":10.9897046,"children":null},"RayPerceptionSensor.Perceive":{"count":6144,"self":2.8472336,"total":2.8472336,"children":null}}}}}}},"DecideAction":{"count":1917,"self":129.2414208,"total":129.2414259,"children":null},"AgentAct":{"count":1917,"self":0.0330006,"total":0.0330006,"children":null}}}