{"count":1,"gauges":{"AOE.CumulativeReward":{"count":10,"max":1,"min":-1,"value":0,"weightedAverage":-0.0462799072},"DPS.CumulativeReward":{"count":18,"max":1,"min":-1,"value":0,"weightedAverage":-0.04178932},"HEALER.CumulativeReward":{"count":18,"max":1,"min":-1,"value":0,"weightedAverage":0.000378081459},"SPRINT.CumulativeReward":{"count":8,"max":1,"min":-1,"value":0,"weightedAverage":0.124145508},"TANK.CumulativeReward":{"count":6,"max":1,"min":-1,"value":-1,"weightedAverage":-0.02734375}},"self":16.1751568,"total":105.2758494,"children":{"AgentInfo.ToProto":{"count":200,"self":0.0060019,"total":0.07601709999999999,"children":{"GenerateSensorData":{"count":200,"self":0.0430098,"total":0.0700152,"children":{"RayPerceptionSensor.Perceive":{"count":200,"self":0.0270054,"total":0.0270054,"children":null}}}}},"AgentSendState":{"count":18001,"self":1.0056460999999999,"total":8.2911893,"children":{"CollectObservations":{"count":23813,"self":0.18805539999999998,"total":0.18805539999999998,"children":null},"CollectDiscreteActionMasks":{"count":23813,"self":0.16003389999999998,"total":0.16003389999999998,"children":null},"AgentInfo.ToProto":{"count":23813,"self":0.42912829999999996,"total":6.9374538999999995,"children":{"GenerateSensorData":{"count":23813,"self":3.953192,"total":6.5083256,"children":{"RayPerceptionSensor.Perceive":{"count":23813,"self":2.5551334,"total":2.5551334,"children":null}}}}}}},"DecideAction":{"count":18001,"self":80.5034304,"total":80.5034288,"children":null},"AgentAct":{"count":18001,"self":0.2300576,"total":0.2300576,"children":null}}}