{"count":1,"gauges":{},"self":11.184741599999999,"total":127.23576539999999,"children":{"AgentInfo.ToProto":{"count":320,"self":0.0120031,"total":0.22304169999999998,"children":{"GenerateSensorData":{"count":320,"self":0.1680248,"total":0.2110386,"children":{"RayPerceptionSensor.Perceive":{"count":320,"self":0.0430138,"total":0.0430138,"children":null}}}}},"AgentSendState":{"count":1217,"self":0.52809489999999992,"total":5.3372129999999993,"children":{"CollectObservations":{"count":15583,"self":0.1090524,"total":0.1090524,"children":null},"CollectDiscreteActionMasks":{"count":15583,"self":0.10203949999999999,"total":0.10203949999999999,"children":null},"AgentInfo.ToProto":{"count":15583,"self":0.2710689,"total":4.5980262,"children":{"GenerateSensorData":{"count":15583,"self":2.4234844,"total":4.3269573,"children":{"RayPerceptionSensor.Perceive":{"count":15583,"self":1.9034727999999999,"total":1.9034729,"children":null}}}}}}},"DecideAction":{"count":1217,"self":110.43475199999999,"total":110.4347581,"children":null},"AgentAct":{"count":1217,"self":0.0550108,"total":0.0550108,"children":null}}}