{"count":1,"gauges":{"DPS.CumulativeReward":{"count":3130,"max":1,"min":-1,"value":-1,"weightedAverage":-0.120603375},"HEALER.CumulativeReward":{"count":3382,"max":1,"min":-1,"value":-1,"weightedAverage":-0.127022684},"TANK.CumulativeReward":{"count":3172,"max":1,"min":-1,"value":1,"weightedAverage":-0.006253332},"SPRINT.CumulativeReward":{"count":3224,"max":1,"min":-1,"value":1,"weightedAverage":0.1391058},"AOE.CumulativeReward":{"count":3332,"max":1,"min":-1,"value":-1,"weightedAverage":-0.134676158}},"self":2423.8997504,"total":16053.7220495,"children":{"AgentInfo.ToProto":{"count":32560,"self":0.6335086,"total":7.6390787,"children":{"GenerateSensorData":{"count":32560,"self":3.117654,"total":7.0055701,"children":{"RayPerceptionSensor.Perceive":{"count":32560,"self":3.8879159999999997,"total":3.8879159999999997,"children":null}}}}},"AgentSendState":{"count":2602917,"self":287.5323136,"total":2618.0242977,"children":{"CollectObservations":{"count":7216543,"self":52.685503999999995,"total":52.685504699999996,"children":null},"CollectDiscreteActionMasks":{"count":7216543,"self":49.6018112,"total":49.6018104,"children":null},"AgentInfo.ToProto":{"count":7216543,"self":127.6712704,"total":2228.2046698,"children":{"GenerateSensorData":{"count":7216543,"self":1294.1797376,"total":2100.5334033,"children":{"RayPerceptionSensor.Perceive":{"count":7216543,"self":806.353664,"total":806.3536415,"children":null}}}}}}},"DecideAction":{"count":2602917,"self":10962.3558144,"total":10962.3561916,"children":null},"AgentAct":{"count":2602917,"self":41.8018048,"total":41.801805,"children":null}}}