{"count":1,"gauges":{},"self":1.1163942999999998,"total":4.0731937999999994,"children":{"AgentSendState":{"count":167,"self":0.025005,"total":1.2933968,"children":{"CollectObservations":{"count":544,"self":0.0080016,"total":0.0080016,"children":null},"CollectDiscreteActionMasks":{"count":544,"self":0.0040022,"total":0.0040022,"children":null},"AgentInfo.ToProto":{"count":544,"self":0.011004499999999999,"total":1.2563879999999998,"children":{"GenerateSensorData":{"count":544,"self":0.074022499999999991,"total":1.2453835,"children":{"CameraSensor.GetCompressedObservation":{"count":544,"self":0.8527142,"total":0.8527142,"children":null},"RayPerceptionSensor.Perceive":{"count":544,"self":0.3186468,"total":0.3186468,"children":null}}}}}}},"DecideAction":{"count":167,"self":1.6598979999999999,"total":1.6598979999999999,"children":null},"AgentAct":{"count":167,"self":0.001504,"total":0.001504,"children":null}}}