{"count":1,"self":236.3399168,"total":583.42440649999992,"children":{"AgentInfo.ToProto":{"count":31,"self":0,"total":0.0848598,"children":{"GenerateSensorData":{"count":31,"self":0.0120092,"total":0.0848598,"children":{"TileMapSensor.WriteToTensor":{"count":60,"self":0.0628349,"total":0.0628349,"children":null},"RayPerceptionSensor.Perceive":{"count":30,"self":0.010015699999999999,"total":0.010015699999999999,"children":null}}}}},"AgentSendState":{"count":44907,"self":12.2263088,"total":57.2168249,"children":{"CollectObservations":{"count":17964,"self":0.4504004,"total":0.4504004,"children":null},"CollectDiscreteActionMasks":{"count":17964,"self":0.081004899999999991,"total":0.081004899999999991,"children":null},"AgentInfo.ToProto":{"count":17964,"self":0.28804799999999997,"total":44.459110599999995,"children":{"GenerateSensorData":{"count":17964,"self":9.9316672,"total":44.1710626,"children":{"TileMapSensor.WriteToTensor":{"count":35928,"self":29.920649599999997,"total":29.920650199999997,"children":null},"RayPerceptionSensor.Perceive":{"count":17964,"self":4.3187448,"total":4.3187448,"children":null}}}}}}},"DecideAction":{"count":44907,"self":289.272832,"total":289.2728371,"children":null},"AgentAct":{"count":44907,"self":0.50895859999999993,"total":0.50895859999999993,"children":null}},"gauges":{"LevelKoala.CumulativeReward":{"count":28,"max":-1.49998248,"min":-1.50048244,"runningAverage":-1.500411,"value":-1.50048244,"weightedAverage":-1.50035548}},"metadata":{"timer_format_version":"0.1.0","start_time_seconds":"1589538723","unity_version":"2019.3.10f1","command_line_arguments":"C:\\Program Files\\Unity\\Hub\\Editor\\2019.3.10f1\\Editor\\Unity.exe -projectpath C:\/Users\/conor\/Documents\/GitHub\/top-down-shooter -useHub -hubIPC -cloudEnvironment production -hubSessionId 3f1a9600-9692-11ea-9789-65670f4ea933","communication_protocol_version":"1.0.0","com.unity.ml-agents_version":"1.0.0-preview","scene_name":"MultipleBattleEnvironment","end_time_seconds":"1589539306"}}