{"count":1,"self":4.4189848,"total":18.323009499999998,"children":{"InitializeSensors":{"count":2,"self":0.0060015999999999993,"total":0.0060015999999999993,"children":null},"AgentSendState":{"count":4534,"self":0.70408799999999994,"total":5.7430946999999994,"children":{"CollectObservations":{"count":1800,"self":0.0110551,"total":0.0110551,"children":null},"CollectDiscreteActionMasks":{"count":1800,"self":0.0080398999999999991,"total":0.0080398999999999991,"children":null},"AgentInfo.ToProto":{"count":1800,"self":0.026035299999999997,"total":5.0199117,"children":{"GenerateSensorData":{"count":1800,"self":0.2369916,"total":4.9938763999999995,"children":{"TileMapSensor.WriteToTensor":{"count":1800,"self":4.5471335999999996,"total":4.5471334,"children":null},"RayPerceptionSensor.Perceive":{"count":1800,"self":0.20975139999999998,"total":0.20975139999999998,"children":null}}}}}}},"DecideAction":{"count":4534,"self":8.1318544,"total":8.1318539999999988,"children":null},"AgentAct":{"count":4534,"self":0.022081399999999998,"total":0.022081399999999998,"children":null}},"gauges":{},"metadata":{"timer_format_version":"0.1.0","start_time_seconds":"1592818079","unity_version":"2019.4.0f1","command_line_arguments":"C:\\Program Files\\Unity\\Hub\\Editor\\2019.4.0f1\\Editor\\Unity.exe -projectpath D:\/top-down-shooter -useHub -hubIPC -cloudEnvironment production -hubSessionId 26733a40-b45f-11ea-9ef5-b7aecf88f437 -accessToken SnOjJtjEz7nZbBtL6X5kDWAaqXtcqyRo-ZmO0hhMlxQ005f","communication_protocol_version":"1.0.0","com.unity.ml-agents_version":"1.1.0-preview","scene_name":"MultipleBattleEnvironment","end_time_seconds":"1592818097"}}