{"count":1,"gauges":{"Healer.CumulativeReward":{"count":5397,"max":1,"min":-1,"value":0,"weightedAverage":1.84837882E-05},"Tank.CumulativeReward":{"count":5234,"max":1,"min":-1,"value":1,"weightedAverage":0.375997961},"DPS.CumulativeReward":{"count":5555,"max":1,"min":-1,"value":-1,"weightedAverage":-0.7571142},"Sprint.CumulativeReward":{"count":5743,"max":1,"min":-1,"value":-1,"weightedAverage":-0.553894758},"AOE.CumulativeReward":{"count":5615,"max":1,"min":-1,"value":0,"weightedAverage":0.14062497}},"self":3138.0908031999998,"total":47396.567331499995,"children":{"AgentSendState":{"count":3323501,"self":445.4010368,"total":15536.301583299999,"children":{"CollectObservations":{"count":10051814,"self":78.3536512,"total":78.353650399999992,"children":null},"CollectDiscreteActionMasks":{"count":10051814,"self":70.6116224,"total":70.611625199999992,"children":null},"AgentInfo.ToProto":{"count":10051814,"self":179.4089472,"total":14941.9352743,"children":{"GenerateSensorData":{"count":10051814,"self":823.1934464,"total":14762.5263335,"children":{"CameraSensor.GetCompressedObservation":{"count":10051814,"self":9562.9049856,"total":9562.9050046,"children":null},"RayPerceptionSensor.Perceive":{"count":10051814,"self":4376.4277248,"total":4376.427897,"children":null}}}}}}},"DecideAction":{"count":3323501,"self":28614.0596224,"total":28614.061021499998,"children":null},"AgentAct":{"count":3323501,"self":51.1771744,"total":51.177175399999996,"children":null},"AgentInfo.ToProto":{"count":30288,"self":0.593488,"total":56.935740499999994,"children":{"GenerateSensorData":{"count":30288,"self":2.4211514,"total":56.3422525,"children":{"CameraSensor.GetCompressedObservation":{"count":30288,"self":40.246620799999995,"total":40.246621399999995,"children":null},"RayPerceptionSensor.Perceive":{"count":30288,"self":13.674479999999999,"total":13.6744797,"children":null}}}}}}}