{"count":1,"gauges":{},"self":7.7637136,"total":14.6748126,"children":{"AgentSendState":{"count":683,"self":0.0849166,"total":1.4952957999999998,"children":{"CollectObservations":{"count":3415,"self":1.4103792,"total":1.4103792,"children":null}}},"DecideAction":{"count":683,"self":5.3647896,"total":5.3647898,"children":null},"AgentAct":{"count":683,"self":0.0500126,"total":0.0500126,"children":null}}}