{"count":1,"gauges":{},"self":3.4916603999999998,"total":6.0268583,"children":{"AgentSendState":{"count":258,"self":0.0270088,"total":0.5596182,"children":{"CollectObservations":{"count":1290,"self":0.5326094,"total":0.5326094,"children":null}}},"DecideAction":{"count":258,"self":1.9605662,"total":1.9605662,"children":null},"AgentAct":{"count":258,"self":0.014013,"total":0.014013,"children":null}}}