{"count":1,"self":86.874809599999992,"total":525.4206818,"children":{"AgentSendState":{"count":80984,"self":284.6944512,"total":308.6619207,"children":{"CollectObservations":{"count":16197,"self":0.2085581,"total":0.2085581,"children":null},"CollectDiscreteActionMasks":{"count":16197,"self":0.0720154,"total":0.0720154,"children":null},"AgentInfo.ToProto":{"count":16197,"self":0.2720784,"total":23.686888,"children":{"GenerateSensorData":{"count":16197,"self":23.414809599999998,"total":23.414809599999998,"children":null}}}}},"DecideAction":{"count":80984,"self":122.55027199999999,"total":122.55027199999999,"children":null},"AgentAct":{"count":80984,"self":7.3296823999999994,"total":7.3296823999999994,"children":null},"AgentInfo.ToProto":{"count":3,"self":0,"total":0.0029996999999999997,"children":{"GenerateSensorData":{"count":3,"self":0.0029996999999999997,"total":0.0029996999999999997,"children":null}}}},"gauges":{"TestAgent.CumulativeReward":{"count":3,"max":1.28347945,"min":-4.76901627,"runningAverage":-0.8211852,"value":1.28347945,"weightedAverage":-2.17008018}},"metadata":{"timer_format_version":"0.1.0","start_time_seconds":"1589388520","unity_version":"2019.3.10f1","command_line_arguments":"C:\\Program Files\\Unity\\Hub\\Editor\\2019.3.10f1\\Editor\\Unity.exe -projectpath C:\/Users\/conor\/Documents\/GitHub\/top-down-shooter -useHub -hubIPC -cloudEnvironment production -hubSessionId 2a63f6a0-9509-11ea-b0bf-833b0ca37079","communication_protocol_version":"1.0.0","com.unity.ml-agents_version":"1.0.0-preview","scene_name":"SensorTest","end_time_seconds":"1589389046"}}