{"count":1,"self":1460.4135423999999,"total":6157.0915133,"children":{"AgentSendState":{"count":1544351,"self":1353.9572736,"total":1750.1904865,"children":{"CollectObservations":{"count":308871,"self":3.0430075999999997,"total":3.0430075999999997,"children":null},"CollectDiscreteActionMasks":{"count":308871,"self":1.5644890999999999,"total":1.5644890999999999,"children":null},"AgentInfo.ToProto":{"count":308871,"self":4.8918127999999994,"total":391.62566649999997,"children":{"GenerateSensorData":{"count":308871,"self":386.7338496,"total":386.7338536,"children":null}}}}},"DecideAction":{"count":1544351,"self":2801.010688,"total":2801.0106874,"children":null},"AgentAct":{"count":1544351,"self":143.2544384,"total":145.1327115,"children":{"AgentInfo.ToProto":{"count":1459,"self":0.0300104,"total":1.8782685,"children":{"GenerateSensorData":{"count":1459,"self":1.848258,"total":1.8482581,"children":null}}}}},"AgentInfo.ToProto":{"count":280,"self":0.0050028999999999994,"total":0.34208459999999996,"children":{"GenerateSensorData":{"count":280,"self":0.3370817,"total":0.3370817,"children":null}}}},"gauges":{"TestAgent.CumulativeReward":{"count":1739,"max":0.995,"min":-0.100000113,"runningAverage":0.07220807,"value":-0.100000113,"weightedAverage":0.0320492275}},"metadata":{"timer_format_version":"0.1.0","start_time_seconds":"1589301685","unity_version":"2019.3.10f1","command_line_arguments":"C:\\Program Files\\Unity\\Hub\\Editor\\2019.3.10f1\\Editor\\Unity.exe -projectpath C:\/Users\/conor\/Documents\/GitHub\/top-down-shooter -useHub -hubIPC -cloudEnvironment production -hubSessionId 957f9420-9442-11ea-86aa-c74a8ef7c278","communication_protocol_version":"1.0.0","com.unity.ml-agents_version":"1.0.0-preview","scene_name":"SensorTest","end_time_seconds":"1589307842"}}