{"count":1,"gauges":{},"self":4.1323928,"total":4.1613894999999994,"children":{"RayPerceptionSensor.Perceive":{"count":4,"self":0.0040012,"total":0.0040012,"children":null},"AgentSendState":{"count":165,"self":0.0069920999999999994,"total":0.0199927,"children":{"CollectObservations":{"count":132,"self":0.0010008,"total":0.0010008,"children":null},"CollectDiscreteActionMasks":{"count":132,"self":0.0010000999999999999,"total":0.0010000999999999999,"children":null},"RayPerceptionSensor.Perceive":{"count":132,"self":0.0109997,"total":0.0109997,"children":null}}},"DecideAction":{"count":165,"self":0.0010004,"total":0.0010004,"children":null},"AgentAct":{"count":165,"self":0.0030026,"total":0.0030026,"children":null}}}