{"count":1,"gauges":{},"self":13.229068,"total":13.3280952,"children":{"AgentSendState":{"count":639,"self":0.022006599999999998,"total":0.0810196,"children":{"CollectObservations":{"count":512,"self":0.0020001999999999997,"total":0.0020001999999999997,"children":null},"CollectDiscreteActionMasks":{"count":512,"self":0.0050016,"total":0.0050016,"children":null},"RayPerceptionSensor.Perceive":{"count":512,"self":0.0520112,"total":0.0520112,"children":null}}},"DecideAction":{"count":639,"self":0.0060022999999999995,"total":0.0060022999999999995,"children":null},"AgentAct":{"count":639,"self":0.0110052,"total":0.0110052,"children":null}}}