{"count":1,"gauges":{},"self":18.4358912,"total":18.605287699999998,"children":{"RayPerceptionSensor.Perceive":{"count":4,"self":0.004001,"total":0.004001,"children":null},"AgentSendState":{"count":909,"self":0.059364999999999994,"total":0.1433935,"children":{"CollectObservations":{"count":728,"self":0.0050013,"total":0.0050013,"children":null},"CollectDiscreteActionMasks":{"count":728,"self":0.0020004,"total":0.0020004,"children":null},"RayPerceptionSensor.Perceive":{"count":728,"self":0.077026799999999992,"total":0.077026799999999992,"children":null}}},"DecideAction":{"count":909,"self":0.0070012999999999994,"total":0.0070012999999999994,"children":null},"AgentAct":{"count":909,"self":0.014001699999999999,"total":0.014001699999999999,"children":null}}}