{"count":1,"gauges":{"Tank.CumulativeReward":{"count":436,"max":1,"min":-1,"value":-1,"weightedAverage":-0.135671049}},"self":80.2620608,"total":841.60339319999991,"children":{"AgentSendState":{"count":82251,"self":9.9808495999999991,"total":401.08324059999995,"children":{"CollectObservations":{"count":213790,"self":1.6117978,"total":1.6117978,"children":null},"CollectDiscreteActionMasks":{"count":213790,"self":1.4125184,"total":1.4125184,"children":null},"AgentInfo.ToProto":{"count":213790,"self":3.7577719999999997,"total":388.0780749,"children":{"GenerateSensorData":{"count":213790,"self":18.583824,"total":384.32030269999996,"children":{"CameraSensor.GetCompressedObservation":{"count":213790,"self":227.00761599999998,"total":227.00760939999998,"children":null},"RayPerceptionSensor.Perceive":{"count":213790,"self":138.7288704,"total":138.7288695,"children":null}}}}}}},"DecideAction":{"count":82251,"self":357.8400256,"total":357.84003429999996,"children":null},"AgentAct":{"count":82251,"self":1.3180659,"total":1.3180659,"children":null},"AgentInfo.ToProto":{"count":472,"self":0.0069998,"total":1.0989913999999998,"children":{"GenerateSensorData":{"count":472,"self":0.044037799999999995,"total":1.0919915999999998,"children":{"CameraSensor.GetCompressedObservation":{"count":472,"self":0.73121989999999992,"total":0.73121989999999992,"children":null},"RayPerceptionSensor.Perceive":{"count":472,"self":0.3167339,"total":0.3167339,"children":null}}}}}}}