{"count":1,"gauges":{},"self":5.7196868,"total":7.6359410999999993,"children":{"AgentSendState":{"count":359,"self":0.0240066,"total":1.9092528999999998,"children":{"CollectObservations":{"count":289,"self":0.0080004999999999989,"total":0.0080004999999999989,"children":null},"CollectDiscreteActionMasks":{"count":289,"self":0.0040002,"total":0.0040002,"children":null},"RayPerceptionSensor.Perceive":{"count":289,"self":1.8732456,"total":1.8732456,"children":null}}},"DecideAction":{"count":358,"self":0.0010007,"total":0.0010007,"children":null},"AgentAct":{"count":358,"self":0.0049999,"total":0.0049999,"children":null}}}