{"count":1,"gauges":{},"self":1.1932714,"total":10.9814548,"children":{"AgentSendState":{"count":167,"self":0.0080007,"total":0.091016199999999992,"children":{"CollectObservations":{"count":136,"self":0.0029988999999999997,"total":0.0029988999999999997,"children":null},"CollectDiscreteActionMasks":{"count":136,"self":0,"total":0,"children":null},"AgentInfo.ToProto":{"count":136,"self":0.0009996,"total":0.0800166,"children":{"GenerateSensorData":{"count":136,"self":0.0180047,"total":0.07901699999999999,"children":{"RayPerceptionSensor.Perceive":{"count":136,"self":0.0610123,"total":0.0610123,"children":null}}}}}}},"DecideAction":{"count":167,"self":9.6921647999999987,"total":9.6921652,"children":null},"AgentAct":{"count":167,"self":0.0040018,"total":0.0040018,"children":null}}}