{"count":1,"gauges":{"TopDownAgent.CumulativeReward":{"count":4,"max":1,"min":-1,"value":-1,"weightedAverage":0.21875}},"self":2.0273504,"total":15.616448799999999,"children":{"AgentSendState":{"count":1417,"self":0.21547419999999998,"total":1.0526233,"children":{"CollectObservations":{"count":5668,"self":0.0390051,"total":0.0390051,"children":null},"CollectDiscreteActionMasks":{"count":5668,"self":0.0480262,"total":0.0480262,"children":null},"AgentInfo.ToProto":{"count":5668,"self":0.10303659999999999,"total":0.7501178,"children":{"GenerateSensorData":{"count":5668,"self":0.2404401,"total":0.6470812,"children":{"RayPerceptionSensor.Perceive":{"count":5668,"self":0.4066411,"total":0.4066411,"children":null}}}}}}},"DecideAction":{"count":1417,"self":12.529472799999999,"total":12.529472799999999,"children":null},"AgentAct":{"count":1417,"self":0.0050013,"total":0.0050013,"children":null},"AgentInfo.ToProto":{"count":8,"self":0.0010008,"total":0.0020009,"children":{"GenerateSensorData":{"count":8,"self":0.0010000999999999999,"total":0.0010000999999999999,"children":{"RayPerceptionSensor.Perceive":{"count":8,"self":0,"total":0,"children":null}}}}}}}