{"count":1,"gauges":{},"self":19.753062399999997,"total":19.920600399999998,"children":{"RayPerceptionSensor.Perceive":{"count":8,"self":0.0060019999999999995,"total":0.0060019999999999995,"children":null},"AgentSendState":{"count":965,"self":0.051510799999999995,"total":0.1415159,"children":{"CollectObservations":{"count":772,"self":0.0080013999999999988,"total":0.0080013999999999988,"children":null},"CollectDiscreteActionMasks":{"count":772,"self":0.0040006,"total":0.0040006,"children":null},"RayPerceptionSensor.Perceive":{"count":772,"self":0.078003099999999992,"total":0.078003099999999992,"children":null}}},"DecideAction":{"count":965,"self":0.0070192,"total":0.0070192,"children":null},"AgentAct":{"count":965,"self":0.012000499999999999,"total":0.012000499999999999,"children":null}}}