{"count":1,"gauges":{},"self":1723.93472,"total":1724.0448354999999,"children":{"AgentSendState":{"count":3169,"self":0.055162499999999996,"total":0.055162499999999996,"children":null},"DecideAction":{"count":3169,"self":0.0381171,"total":0.0381171,"children":null},"AgentAct":{"count":3169,"self":0.015775499999999998,"total":0.015775499999999998,"children":null}}}