{"count":1,"gauges":{"Tank.CumulativeReward":{"count":1256,"max":1,"min":-1,"value":-1,"weightedAverage":-0.05246353}},"self":316.1303808,"total":2150.5220135,"children":{"AgentSendState":{"count":525417,"self":21.793921599999997,"total":874.11983809999992,"children":{"CollectObservations":{"count":363584,"self":2.901761,"total":2.901761,"children":null},"CollectDiscreteActionMasks":{"count":363584,"self":2.5702708,"total":2.5702708,"children":null},"AgentInfo.ToProto":{"count":363584,"self":6.7992935999999995,"total":846.8538843,"children":{"GenerateSensorData":{"count":363584,"self":31.062668799999997,"total":840.0545905,"children":{"CameraSensor.GetCompressedObservation":{"count":363584,"self":581.6959488,"total":581.6959431,"children":null},"RayPerceptionSensor.Perceive":{"count":363584,"self":227.29597439999998,"total":227.2959774,"children":null}}}}}}},"DecideAction":{"count":525417,"self":951.424,"total":951.42398789999993,"children":null},"AgentAct":{"count":525417,"self":5.5533812,"total":5.5533811,"children":null},"AgentInfo.ToProto":{"count":1380,"self":0.020997,"total":3.2934273999999997,"children":{"GenerateSensorData":{"count":1380,"self":0.1349921,"total":3.2724303999999997,"children":{"CameraSensor.GetCompressedObservation":{"count":1380,"self":2.2613422,"total":2.2613422,"children":null},"RayPerceptionSensor.Perceive":{"count":1380,"self":0.87609609999999993,"total":0.87609609999999993,"children":null}}}}}}}