{"count":1,"gauges":{"TopDownAgent.CumulativeReward":{"count":8,"max":-0.0499999,"min":-0.0499999,"value":-0.0499999,"weightedAverage":-0.0499999}},"self":6.6156863999999995,"total":7.6478492,"children":{"AgentSendState":{"count":346,"self":0.897494,"total":1.0191626999999999,"children":{"CollectObservations":{"count":1384,"self":0.0215827,"total":0.0215827,"children":null},"CollectDiscreteActionMasks":{"count":1384,"self":0.0060009,"total":0.0060009,"children":null},"RayPerceptionSensor.Perceive":{"count":1384,"self":0.094085099999999991,"total":0.094085099999999991,"children":null}}},"DecideAction":{"count":346,"self":0.0019973,"total":0.0019973,"children":null},"AgentAct":{"count":346,"self":0.0080026,"total":0.0080026,"children":null},"RayPerceptionSensor.Perceive":{"count":16,"self":0.0019998,"total":0.0019998,"children":null}}}