{"count":1,"gauges":{},"self":14.559743999999998,"total":15.541127699999999,"children":{"AgentSendState":{"count":753,"self":0.033609099999999996,"total":0.96351829999999994,"children":{"CollectObservations":{"count":604,"self":0.0037863,"total":0.0037863,"children":null},"CollectDiscreteActionMasks":{"count":604,"self":0.003,"total":0.003,"children":null},"CameraSensor.GetCompressedObservation":{"count":604,"self":0.9231229,"total":0.9231229,"children":null}}},"DecideAction":{"count":753,"self":0.0050022999999999995,"total":0.0050022999999999995,"children":null},"AgentAct":{"count":753,"self":0.0118623,"total":0.0118623,"children":null}}}