{"count":1,"gauges":{"Tank.CumulativeReward":{"count":4524,"max":1,"min":-1,"value":0,"weightedAverage":0.0128333168}},"self":996.37800959999993,"total":7666.3103254,"children":{"AgentSendState":{"count":1867917,"self":77.459552,"total":3120.2536842,"children":{"CollectObservations":{"count":1315965,"self":10.4045448,"total":10.4045451,"children":null},"CollectDiscreteActionMasks":{"count":1315965,"self":9.1931128,"total":9.1931131,"children":null},"AgentInfo.ToProto":{"count":1315965,"self":23.8748976,"total":3023.1964745,"children":{"GenerateSensorData":{"count":1315965,"self":113.5580672,"total":2999.3215763999997,"children":{"CameraSensor.GetCompressedObservation":{"count":1315965,"self":2050.9315072,"total":2050.9315766,"children":null},"RayPerceptionSensor.Perceive":{"count":1315965,"self":834.8319232,"total":834.83193569999992,"children":null}}}}}}},"DecideAction":{"count":1867917,"self":3519.0272,"total":3519.0271205,"children":null},"AgentAct":{"count":1867917,"self":19.041424,"total":19.0414237,"children":null},"AgentInfo.ToProto":{"count":4976,"self":0.1010503,"total":11.609079099999999,"children":{"GenerateSensorData":{"count":4976,"self":0.43660099999999996,"total":11.5080288,"children":{"CameraSensor.GetCompressedObservation":{"count":4976,"self":7.9573823999999993,"total":7.9573822,"children":null},"RayPerceptionSensor.Perceive":{"count":4976,"self":3.1140456,"total":3.1140456,"children":null}}}}}}}