{"count":1,"gauges":{},"self":47.6061888,"total":50.912036799999996,"children":{"AgentSendState":{"count":2462,"self":0.15106529999999999,"total":3.2458434,"children":{"CollectObservations":{"count":1836,"self":0.0190042,"total":0.0190042,"children":null},"CollectDiscreteActionMasks":{"count":1836,"self":0.0110031,"total":0.0110031,"children":null},"CameraSensor.GetCompressedObservation":{"count":1836,"self":2.3045313999999997,"total":2.3045313999999997,"children":null},"RayPerceptionSensor.Perceive":{"count":1836,"self":0.7602394,"total":0.7602394,"children":null}}},"DecideAction":{"count":2462,"self":0.0210073,"total":0.0210073,"children":null},"AgentAct":{"count":2462,"self":0.0379963,"total":0.0379963,"children":null}}}