{"count":1,"gauges":{},"self":10.5484232,"total":10.717451599999999,"children":{"RayPerceptionSensor.Perceive":{"count":40,"self":0.009002099999999999,"total":0.009002099999999999,"children":null},"AgentSendState":{"count":505,"self":0.10201389999999999,"total":0.1480221,"children":{"CollectObservations":{"count":339,"self":0.0010004,"total":0.0010004,"children":null},"CollectDiscreteActionMasks":{"count":339,"self":0.0029998,"total":0.0029998,"children":null},"RayPerceptionSensor.Perceive":{"count":339,"self":0.042008,"total":0.042008,"children":null}}},"DecideAction":{"count":505,"self":0.0030009999999999998,"total":0.0030009999999999998,"children":null},"AgentAct":{"count":505,"self":0.0080022,"total":0.0080022,"children":null}}}