{"count":1,"gauges":{},"self":4.6217328,"total":4.6621377,"children":{"RayPerceptionSensor.Perceive":{"count":4,"self":0.0050016999999999995,"total":0.0050016999999999995,"children":null},"AgentSendState":{"count":193,"self":0.014401899999999999,"total":0.0294016,"children":{"CollectObservations":{"count":156,"self":0.0010000999999999999,"total":0.0010000999999999999,"children":null},"CollectDiscreteActionMasks":{"count":156,"self":0.0009984,"total":0.0009984,"children":null},"RayPerceptionSensor.Perceive":{"count":156,"self":0.0130012,"total":0.0130012,"children":null}}},"DecideAction":{"count":193,"self":0.0020008,"total":0.0020008,"children":null},"AgentAct":{"count":193,"self":0.0030003,"total":0.0030003,"children":null}}}