{"count":1,"gauges":{},"self":0.1062158,"total":0.10721499999999999,"children":null}