{"count":1,"gauges":{},"self":78.1297472,"total":92.4742668,"children":{"AgentSendState":{"count":6083,"self":0.2820821,"total":1.0884616,"children":{"CollectObservations":{"count":4867,"self":0.0430092,"total":0.0430092,"children":null},"CollectDiscreteActionMasks":{"count":4867,"self":0.0282714,"total":0.0282714,"children":null},"AgentInfo.ToProto":{"count":4867,"self":0.0855795,"total":0.7350989,"children":{"GenerateSensorData":{"count":4867,"self":0.2385525,"total":0.6495194,"children":{"RayPerceptionSensor.Perceive":{"count":4867,"self":0.41096689999999997,"total":0.41096689999999997,"children":null}}}}}}},"DecideAction":{"count":6083,"self":13.1770616,"total":13.177061499999999,"children":null},"AgentAct":{"count":6083,"self":0.077993399999999991,"total":0.077993399999999991,"children":null}}}