{"count":1,"gauges":{},"self":17.3358688,"total":18.669362,"children":{"AgentSendState":{"count":902,"self":0.042227799999999996,"total":1.3168126,"children":{"CollectObservations":{"count":724,"self":0.0070046,"total":0.0070046,"children":null},"CollectDiscreteActionMasks":{"count":724,"self":0.0070047999999999994,"total":0.0070047999999999994,"children":null},"CameraSensor.GetCompressedObservation":{"count":724,"self":1.2605754,"total":1.2605754,"children":null}}},"DecideAction":{"count":902,"self":0.0090044,"total":0.0090044,"children":null},"AgentAct":{"count":902,"self":0.0076758,"total":0.0076758,"children":null}}}