{"count":1,"self":13.0226568,"total":27.3243074,"children":{"AgentInfo.ToProto":{"count":2,"self":0,"total":0.0080016,"children":{"GenerateSensorData":{"count":2,"self":0.0040012,"total":0.0080016,"children":{"RayPerceptionSensor.Perceive":{"count":2,"self":0.0040003999999999994,"total":0.0040003999999999994,"children":null}}}}},"AgentSendState":{"count":2111,"self":0.0602071,"total":0.3364657,"children":{"CollectObservations":{"count":887,"self":0.059822999999999994,"total":0.059822999999999994,"children":null},"CollectDiscreteActionMasks":{"count":826,"self":0.0010046999999999999,"total":0.0010046999999999999,"children":null},"AgentInfo.ToProto":{"count":826,"self":0.0073152,"total":0.21543089999999998,"children":{"GenerateSensorData":{"count":826,"self":0.1152144,"total":0.2081157,"children":{"RayPerceptionSensor.Perceive":{"count":826,"self":0.092901299999999992,"total":0.092901299999999992,"children":null}}}}}}},"DecideAction":{"count":2050,"self":13.937208,"total":13.937207899999999,"children":null},"AgentAct":{"count":2050,"self":0.018974599999999998,"total":0.018974599999999998,"children":null}},"gauges":{},"metadata":{"timer_format_version":"0.1.0","start_time_seconds":"1587916968","unity_version":"2019.3.10f1","command_line_arguments":"C:\\Program Files\\Unity\\Hub\\Editor\\2019.3.10f1\\Editor\\Unity.exe -projectpath C:\/Users\/conor\/Documents\/GitHub\/top-down-shooter -useHub -hubIPC -cloudEnvironment production -hubSessionId d9e743d0-87d4-11ea-b702-55cf8751e117 -accessToken 3Mu4nLRZXa4_gM5rR7gvZQjNpNh6rJEvjjomVkpPxL8005f","communication_protocol_version":"0.17.0","com.unity.ml-agents_version":"0.15.1-preview","scene_name":"SimpleBattleEnvironment","end_time_seconds":"1587916995"}}