{"count":1,"gauges":{},"self":32.589408,"total":35.4522875,"children":{"AgentSendState":{"count":1740,"self":0.097025199999999992,"total":2.8278653,"children":{"CollectObservations":{"count":1209,"self":0.0057545999999999995,"total":0.0057545999999999995,"children":null},"CollectDiscreteActionMasks":{"count":1209,"self":0.0080024,"total":0.0080024,"children":null},"CameraSensor.GetCompressedObservation":{"count":1209,"self":2.251038,"total":2.2510380999999997,"children":null},"RayPerceptionSensor.Perceive":{"count":1209,"self":0.466045,"total":0.466045,"children":null}}},"DecideAction":{"count":1740,"self":0.016006299999999998,"total":0.016006299999999998,"children":null},"AgentAct":{"count":1740,"self":0.0180074,"total":0.0180074,"children":null}}}