{"count":1,"gauges":{"DPS.CumulativeReward":{"count":276,"max":1,"min":-1,"value":1,"weightedAverage":0.0739880055}},"self":105.3482176,"total":2160.563996,"children":{"AgentSendState":{"count":122001,"self":7.2385367999999994,"total":795.7491751,"children":{"CollectObservations":{"count":97604,"self":0.842422,"total":0.842422,"children":null},"CollectDiscreteActionMasks":{"count":97604,"self":0.6930889,"total":0.6930889,"children":null},"AgentInfo.ToProto":{"count":97604,"self":2.2230904,"total":786.9751276,"children":{"GenerateSensorData":{"count":97604,"self":5.574822,"total":784.75203709999994,"children":{"CameraSensor.GetCompressedObservation":{"count":97604,"self":779.17721599999993,"total":779.17721499999993,"children":null}}}}}}},"DecideAction":{"count":122001,"self":1253.3628928,"total":1253.3628872,"children":null},"AgentAct":{"count":122001,"self":1.5133231999999999,"total":1.5133231999999999,"children":null},"AgentInfo.ToProto":{"count":552,"self":0.015489399999999999,"total":4.5893955,"children":{"GenerateSensorData":{"count":552,"self":0.020671,"total":4.5739060999999994,"children":{"CameraSensor.GetCompressedObservation":{"count":552,"self":4.5532352,"total":4.5532351,"children":null}}}}}}}