{"count":1,"gauges":{},"self":25.1930448,"total":49.1234974,"children":{"AgentSendState":{"count":1840,"self":0.10304469999999999,"total":9.9258350999999987,"children":{"CollectObservations":{"count":1472,"self":0.0100019,"total":0.0100019,"children":null},"CollectDiscreteActionMasks":{"count":1472,"self":0.0130014,"total":0.0130014,"children":null},"AgentInfo.ToProto":{"count":1472,"self":0.0248929,"total":9.7997871,"children":{"GenerateSensorData":{"count":1472,"self":0.0780159,"total":9.7748942,"children":{"RayPerceptionSensor.Perceive":{"count":1472,"self":9.6968784,"total":9.6968783,"children":null}}}}}}},"DecideAction":{"count":1840,"self":13.981609599999999,"total":13.981608999999999,"children":null},"AgentAct":{"count":1840,"self":0.0220087,"total":0.0220087,"children":null}}}