{"count":1,"gauges":{"Tank.CumulativeReward":{"count":4,"max":1,"min":-1,"value":1,"weightedAverage":-0.21875}},"self":26.405158399999998,"total":27.854864799999998,"children":{"AgentSendState":{"count":1365,"self":0.071921199999999991,"total":1.4146858,"children":{"CollectObservations":{"count":817,"self":0.0060003999999999995,"total":0.0060003999999999995,"children":null},"CollectDiscreteActionMasks":{"count":817,"self":0.0090014,"total":0.0090014,"children":null},"CameraSensor.GetCompressedObservation":{"count":817,"self":0.83136199999999993,"total":0.83136199999999993,"children":null},"RayPerceptionSensor.Perceive":{"count":817,"self":0.4964008,"total":0.4964008,"children":null}}},"DecideAction":{"count":1365,"self":0.013014999999999999,"total":0.013014999999999999,"children":null},"AgentAct":{"count":1365,"self":0.014003499999999999,"total":0.014003499999999999,"children":null},"CameraSensor.GetCompressedObservation":{"count":4,"self":0.0040005,"total":0.0040005,"children":null},"RayPerceptionSensor.Perceive":{"count":4,"self":0.0030014,"total":0.0030014,"children":null}}}