{"count":1,"gauges":{"Tank.CumulativeReward":{"count":4,"max":1,"min":-1,"value":-1,"weightedAverage":0.21875}},"self":7.3772151999999993,"total":75.6761557,"children":{"AgentSendState":{"count":10917,"self":0.5222198,"total":10.839520199999999,"children":{"CollectObservations":{"count":8736,"self":0.067624999999999991,"total":0.067624999999999991,"children":null},"CollectDiscreteActionMasks":{"count":8736,"self":0.065664,"total":0.065664,"children":null},"AgentInfo.ToProto":{"count":8736,"self":0.1871745,"total":10.1840114,"children":{"GenerateSensorData":{"count":8736,"self":0.3355544,"total":9.9968369,"children":{"CameraSensor.GetCompressedObservation":{"count":8736,"self":9.6612824,"total":9.6612825,"children":null}}}}}}},"DecideAction":{"count":10917,"self":57.3283712,"total":57.3283742,"children":null},"AgentAct":{"count":10917,"self":0.12004079999999999,"total":0.12004079999999999,"children":null},"AgentInfo.ToProto":{"count":8,"self":0.0010004999999999999,"total":0.0090035999999999988,"children":{"GenerateSensorData":{"count":8,"self":0.0009996,"total":0.0080030999999999991,"children":{"CameraSensor.GetCompressedObservation":{"count":8,"self":0.0070034999999999993,"total":0.0070034999999999993,"children":null}}}}}}}