{"count":1,"gauges":{},"self":10.0819336,"total":10.271761099999999,"children":{"AgentSendState":{"count":5834,"self":0.0718342,"total":0.0718342,"children":null},"DecideAction":{"count":5834,"self":0.0684536,"total":0.0684536,"children":null},"AgentAct":{"count":5834,"self":0.048539099999999995,"total":0.048539099999999995,"children":null}}}