{"count":1,"gauges":{},"self":1.1010389,"total":14.0155516,"children":{"AgentSendState":{"count":167,"self":0.0100016,"total":0.2560531,"children":{"CollectObservations":{"count":136,"self":0.0030004,"total":0.0030004,"children":null},"CollectDiscreteActionMasks":{"count":136,"self":0.0009975,"total":0.0009975,"children":null},"AgentInfo.ToProto":{"count":136,"self":0.0030007999999999996,"total":0.24205359999999998,"children":{"GenerateSensorData":{"count":136,"self":0.0070009999999999994,"total":0.23905279999999998,"children":{"CameraSensor.GetCompressedObservation":{"count":136,"self":0.2320518,"total":0.2320518,"children":null}}}}}}},"DecideAction":{"count":167,"self":12.654442399999999,"total":12.6544422,"children":null},"AgentAct":{"count":167,"self":0.0030169,"total":0.0030169,"children":null}}}