{"count":1,"gauges":{},"self":4.0194431999999995,"total":4.2929043,"children":{"AgentSendState":{"count":187,"self":0.018359,"total":0.26616039999999996,"children":{"CollectObservations":{"count":152,"self":0.0007245,"total":0.0007245,"children":null},"CollectDiscreteActionMasks":{"count":152,"self":0.0010003,"total":0.0010003,"children":null},"CameraSensor.GetCompressedObservation":{"count":152,"self":0.15518099999999999,"total":0.15518099999999999,"children":null},"RayPerceptionSensor.Perceive":{"count":152,"self":0.0908956,"total":0.0908956,"children":null}}},"DecideAction":{"count":187,"self":0.001299,"total":0.001299,"children":null},"AgentAct":{"count":187,"self":0.0040016,"total":0.0040016,"children":null}}}