{"count":1,"gauges":{"TopDownAgent.CumulativeReward":{"count":3124,"max":0,"min":-0.0499999,"value":-0.00033333333,"weightedAverage":-0.000331026444}},"self":14.394603199999999,"total":15.1124089,"children":{"AgentSendState":{"count":731,"self":0.44238439999999996,"total":0.49714739999999996,"children":{"CollectObservations":{"count":584,"self":0.0080018,"total":0.0080018,"children":null},"CollectDiscreteActionMasks":{"count":584,"self":0.0030015,"total":0.0030015,"children":null},"RayPerceptionSensor.Perceive":{"count":584,"self":0.0437597,"total":0.0437597,"children":null}}},"DecideAction":{"count":731,"self":0.0038804,"total":0.0038804,"children":null},"AgentAct":{"count":731,"self":0.0080024,"total":0.0080024,"children":null},"RayPerceptionSensor.Perceive":{"count":3124,"self":0.207775,"total":0.207775,"children":null}}}