{"count":1,"gauges":{},"self":18.151051199999998,"total":33.1856733,"children":{"AgentSendState":{"count":1569,"self":0.19152909999999998,"total":3.4215448,"children":{"CollectObservations":{"count":7845,"self":3.2300155999999998,"total":3.2300157,"children":null}}},"DecideAction":{"count":1569,"self":11.505128,"total":11.5051279,"children":null},"AgentAct":{"count":1569,"self":0.1069479,"total":0.1069479,"children":null}}}