{"count":1,"gauges":{},"self":6.7616359999999993,"total":11.9239173,"children":{"AgentSendState":{"count":548,"self":0.074684699999999993,"total":0.87071009999999993,"children":{"CollectObservations":{"count":2740,"self":0.775358,"total":0.775358,"children":null},"CollectDiscreteActionMasks":{"count":2740,"self":0.0206674,"total":0.0206674,"children":null}}},"DecideAction":{"count":548,"self":4.2725288,"total":4.272529,"children":null},"AgentAct":{"count":548,"self":0.0180421,"total":0.0180421,"children":null}}}