{"count":1,"gauges":{},"self":1.9395482,"total":11.6478361,"children":{"AgentSendState":{"count":1917,"self":0.4660157,"total":2.8613969999999997,"children":{"CollectObservations":{"count":12288,"self":0.0751994,"total":0.0751994,"children":null},"CollectDiscreteActionMasks":{"count":12288,"self":0.0760006,"total":0.0760006,"children":null},"AgentInfo.ToProto":{"count":12288,"self":0.1969709,"total":2.2441812999999997,"children":{"GenerateSensorData":{"count":12288,"self":0.8644771,"total":2.0472104,"children":{"RayPerceptionSensor.Perceive":{"count":24576,"self":1.1827333,"total":1.1827333,"children":null}}}}}}},"DecideAction":{"count":1917,"self":6.7098619999999993,"total":6.7098619,"children":null},"AgentAct":{"count":1917,"self":0.1360287,"total":0.1360287,"children":null}}}