{"count":1,"gauges":{},"self":2.2442724,"total":12.4635254,"children":{"AgentSendState":{"count":2084,"self":0.4492709,"total":2.9978694999999997,"children":{"CollectObservations":{"count":13344,"self":0.0830171,"total":0.0830171,"children":null},"CollectDiscreteActionMasks":{"count":13344,"self":0.0890175,"total":0.0890175,"children":null},"AgentInfo.ToProto":{"count":13344,"self":0.2370226,"total":2.3765639999999997,"children":{"GenerateSensorData":{"count":13344,"self":0.9371908,"total":2.1395413999999997,"children":{"RayPerceptionSensor.Perceive":{"count":26688,"self":1.2023506,"total":1.2023506,"children":null}}}}}}},"DecideAction":{"count":2084,"self":7.1053136,"total":7.1053131999999994,"children":null},"AgentAct":{"count":2084,"self":0.1150696,"total":0.1150696,"children":null}}}