{"count":1,"gauges":{"Soccer.CumulativeReward":{"count":12,"max":0.9556667,"min":-1.09466636,"value":0.9053337,"weightedAverage":0.02567996}},"self":6.4451155999999994,"total":7.1938277999999993,"children":{"AgentSendState":{"count":328,"self":0.0590155,"total":0.0819924,"children":{"CollectObservations":{"count":2112,"self":0.012006099999999999,"total":0.012006099999999999,"children":null},"CollectDiscreteActionMasks":{"count":2112,"self":0.0109708,"total":0.0109708,"children":null}}},"DecideAction":{"count":328,"self":0.4186623,"total":0.632705,"children":{"RayPerceptionSensor.Perceive":{"count":4224,"self":0.2140427,"total":0.2140427,"children":null}}},"AgentAct":{"count":328,"self":0.0340149,"total":0.0340149,"children":null}}}