{"count":1,"gauges":{},"self":10.294152,"total":15.7200373,"children":{"AgentSendState":{"count":627,"self":0.1691018,"total":1.0162623,"children":{"CollectObservations":{"count":4032,"self":0.019998699999999998,"total":0.019998699999999998,"children":null},"CollectDiscreteActionMasks":{"count":4032,"self":0.023003,"total":0.023003,"children":null},"AgentInfo.ToProto":{"count":4032,"self":0.058528899999999995,"total":0.8041588,"children":{"GenerateSensorData":{"count":4032,"self":0.3402744,"total":0.7456299,"children":{"RayPerceptionSensor.Perceive":{"count":8064,"self":0.4053555,"total":0.4053555,"children":null}}}}}}},"DecideAction":{"count":627,"self":4.3483928,"total":4.348393,"children":null},"AgentAct":{"count":627,"self":0.0602291,"total":0.0602291,"children":null}}}